SNP,CHR,POS,A1,A2,N,AF1,BETA,SE,P,SAMPLE,GENE
rs1059507,8,19823963,C,T,63950,0.841595,0.00361538,0.000958952,0.00016316,0/1,LPL
rs11005196,10,57809031,G,T,63975,0.9688,0.00634932,0.00200674,0.00155614,0/1,GAPDHP21,ZWINT
rs11005240,10,57928768,C,T,63930,0.969169,0.00625244,0.00201979,0.00196429,0/1,GAPDHP21,ZWINT
rs11154284,6,125338353,C,T,61286,0.303307,0.00362418,0.000779215,3.30234e-06,0/1,RNF217
rs11570892,8,19823617,A,G,63898,0.841474,0.00357281,0.000959109,0.000195211,0/1,LPL
rs11640794,16,88494976,A,C,64001,0.0679208,0.00354155,0.00138841,0.0107477,1/1,ZNF469
rs12146713,12,106476805,T,C,64001,0.906376,0.00368104,0.00120076,0.00217246,1/0,NUAK1
rs12655961,5,101669015,G,A,63939,0.680195,0.00302419,0.000752261,5.81659e-05,1/0,SLCO4C1,SLCO6A1
rs1372791,13,106785265,T,C,64001,0.0209606,0.00420851,0.00242698,0.0829095,1/1,LOC341604
rs1438949,5,152504929,A,G,63972,0.0644892,0.00355376,0.00142496,0.0126337,1/1,intergenic
rs1451776,2,83916161,T,C,63617,0.0209771,0.00301526,0.00244153,0.216836,1/1,NR
rs1462324,3,110517943,G,A,64001,0.0698114,0.00327631,0.0013718,0.0169249,1/1,Intergenic
rs1484873,18,43206985,A,G,64001,0.0527882,0.00325947,0.00156485,0.0372574,1/1,SLC14A2
rs150582742,6,128831588,T,C,62329,0.968249,0.00509394,0.00201881,0.0116281,1/0,PTPRK
rs1542684,12,22883930,T,C,63902,0.0706864,0.00313345,0.00136454,0.0216559,1/1,RPS27P22,SOX5
rs1544254,18,73455753,A,G,63936,0.0324074,0.00317947,0.00196888,0.106341,1/1,NR
rs1850744,4,9790712,T,C,64001,0.0372963,0.00298214,0.00184109,0.105283,1/1,intergenic
rs1869129,15,58853363,C,T,63973,0.0151626,0.0029681,0.00285814,0.29905,1/1,LIPC
rs1882075,7,37435506,A,G,63841,0.0283987,0.00354106,0.0021078,0.092961,1/1,ELMO1
rs1933755,6,130925767,C,T,63895,0.0842241,0.00309951,0.00125974,0.0138766,0/1,EPB41L2,TMEM200A
rs1943199,18,73462854,T,G,63782,0.0371578,0.00342572,0.00184796,0.0637691,1/1,SMIM21
rs2029118,3,54148770,G,A,63990,0.950672,0.00310087,0.00161575,0.0549661,1/0,CABYRP1,CACNA2D3
rs2032314,21,35354523,T,C,63970,0.0690793,0.00398216,0.00138245,0.00397028,1/1,ATP5O
rs203710,19,45162038,A,G,64001,0.0273199,0.0032693,0.00214858,0.128106,0/1,PVR
rs204888,6,32089142,G,T,64001,0.935056,0.00311257,0.0014172,0.0280722,0/1,TNXB,ATF6B,FKBPL
rs2267369,22,38565347,C,T,63960,0.981606,0.00327938,0.00260173,0.207503,0/1,PLA2G6
rs2410616,8,19828679,C,T,63938,0.841948,0.00368229,0.000960457,0.000126132,0/1,LPL
rs247995,5,167477752,G,A,64001,0.0799909,0.00335982,0.00128937,0.00916651,1/1,ODZ2
rs2521572,11,61711475,T,G,64001,0.0432962,0.00408243,0.00171759,0.0174616,1/1,BEST1
rs2740574,7,99382096,C,T,64001,0.0326636,0.00319064,0.00196148,0.103812,1/1,CYP3A4,LOC110366354
rs27851,5,96082401,C,T,63983,0.0601488,0.00344578,0.00147263,0.0192901,1/1,CAST
rs28777,5,33958959,C,A,64001,0.021695,0.00317712,0.00237814,0.18156,1/1,SLC45A2
rs28777,5,33958959,C,A,64001,0.021695,0.00317712,0.00237814,0.18156,1/1,MATP
rs298235,2,157306688,A,G,63994,0.0125949,0.00472733,0.00313019,0.130983,1/1,GPD2
rs340707,8,139379964,T,C,63951,0.0134634,0.00406142,0.003029,0.179971,1/1,FAM135B
rs35390,5,33955326,C,A,64001,0.0176325,0.00435211,0.0026392,0.0991422,1/1,SLC45A2
rs35391,5,33955673,T,C,64001,0.017656,0.00433564,0.00263756,0.100216,1/1,MATP
rs3848487,18,27649737,G,A,63929,0.0193027,0.00465047,0.00254272,0.0674098,1/1,ARIH2P1,DSC3
rs41291971,12,48538908,G,A,64001,0.982117,0.00470846,0.0026429,0.0748224,1/0,PFKM
rs4527172,2,189054111,T,C,64000,0.0184766,0.00481817,0.00259657,0.063512,1/1,ST13P2,GULP1
rs460626,5,154437261,G,A,63893,0.0265757,0.00460266,0.00216868,0.0338103,1/1,KIF4B,SGCD
rs527589,11,77154639,C,T,62644,0.0872869,0.00354187,0.00125497,0.00476841,1/1,NR
rs527589,11,77154639,C,T,62644,0.0872869,0.00354187,0.00125497,0.00476841,1/1,PAK1
rs548097,13,75776268,G,T,64001,0.0174372,0.00362263,0.00266504,0.174046,1/1,TBC1D4
rs550913,20,56795389,G,A,63864,0.0907006,0.00297332,0.00121651,0.0145203,1/1,ANKRD60
rs587003,10,36046482,T,C,63581,0.0686919,0.00345864,0.00138704,0.0126478,1/1,RPL7P37,NAMPTL
rs6945197,7,136161810,T,C,63865,0.0340249,0.00488211,0.00192749,0.0113127,1/1,Intergenic
rs7164861,15,89125815,C,T,62833,0.971432,0.00333672,0.00211781,0.11513,0/1,intergenic
rs7175191,15,57186397,A,G,63241,0.812305,0.00295608,0.000897816,0.000992922,0/1,ZNF280D,TCF12
rs7585095,2,202687014,T,C,63886,0.0324093,0.00389568,0.00198142,0.049287,1/1,CDK15
rs7601155,2,28347682,C,T,63498,0.963424,0.00439012,0.00186945,0.0188572,0/1,BRE
rs76428106,13,28604007,T,C,63446,0.989448,0.00696825,0.00343295,0.0423752,1/0,FLT3
rs8066556,17,63444042,C,T,63815,0.0587558,0.0030771,0.00148583,0.038362,1/1,NR
rs8092336,18,60036083,A,G,63123,0.0614118,0.00334381,0.00146294,0.0222734,1/1,TNFRSF11A
rs9292571,5,35145363,T,C,63997,0.0469944,0.00348946,0.0016464,0.0340522,1/1,PRLR
rs9652020,12,40547379,G,A,63806,0.934175,0.00310055,0.00141767,0.0287368,1/0,intergenic
rs973236,1,58769757,C,T,62713,0.0718591,0.00309492,0.00136856,0.0237313,1/1,NR
rs978026,13,70599439,T,C,64001,0.0971782,0.00322606,0.00117943,0.00623275,1/1,KLHL1
