SNP,CHR,POS,A1,A2,N,AF1,BETA,SE,P,GENE
rs12060022,1,3118326,C,T,434407,0.931289,0.00770416,0.00417882,0.0652384,PRDM16
rs61780949,1,7085805,T,C,442732,0.729948,0.000236513,0.00235703,0.920072,CAMTA1
rs2311970,1,15296685,T,G,442713,0.544853,0.00348249,0.00210037,0.0973108,KAZN
rs139094153,1,16015315,A,C,446744,0.978284,0.0151179,0.00713948,0.0342164,PLEKHM2
rs156848,1,16804438,C,T,441633,0.854831,0.00190937,0.00296886,0.520138,CROCCP3
rs4920443,1,18478540,G,A,445202,0.779288,-0.00207837,0.00251716,0.408985,IGSF21
rs859218,1,19640676,T,C,439617,0.347028,0.000624374,0.00220504,0.777056,PQLC2
rs859218,1,19640676,T,C,439617,0.347028,0.000624374,0.00220504,0.777056,AKR7A2
rs116215086,1,23709806,C,T,446744,0.973364,0.00135196,0.006481,0.834758,TCEA3
rs16832091,1,45045989,A,G,441198,0.733962,-0.00187988,0.0023716,0.427975,RNF220
rs138863615,1,47477558,G,A,438950,0.96673,0.00989962,0.00586035,0.091171,CYP4X1
rs34377696,1,51811167,G,A,446302,0.87496,0.0070915,0.0031471,0.0242375,TTC39A
rs12069900,1,60155561,A,G,442863,0.123009,0.00194201,0.00318424,0.541939,FGGY
rs36054685,1,76336266,C,G,446305,0.864968,-0.0051597,0.0030468,0.0903636,MSH4
rs12096348,1,76865591,T,C,430387,0.806521,-0.00296369,0.00268502,0.269686,ST6GALNAC3
rs150101121,1,87034617,G,T,446073,0.983113,0.010469,0.00808908,0.195592,CLCA4
rs35275677,1,91358080,A,AC,442829,0.128241,0.000532354,0.00312805,0.864863,PHKA1P1
rs488646,1,93722883,C,T,445417,0.816291,-0.00214461,0.00268981,0.425271,CCDC18
rs11164669,1,103554167,T,C,443242,0.40131,0.00200537,0.00213342,0.347226,COL11A1
rs12021633,1,104616822,T,C,446518,0.843623,-0.00202481,0.00286604,0.479886,RP11-364B6.1
rs12021633,1,104616822,T,C,446518,0.843623,-0.00202481,0.00286604,0.479886,RP11-364B6.2
rs760358194,1,115496679,GTTC,G,444472,0.74947,0.00192015,0.00241035,0.425666,SYCP1
rs151011576,1,116101134,A,T,439354,0.977304,0.00631374,0.00705658,0.370931,TCEB1P20
rs2758691,1,157607077,T,C,446536,0.320958,-0.0011416,0.00223353,0.609268,RP4-801G22.3
rs143000446,1,165735998,A,AAAATAAAT,431145,0.601785,0.000479357,0.00216565,0.824824,TMCO1
rs662154,1,168696439,T,C,443501,0.830638,0.00115345,0.00278886,0.679173,DPT
rs574211,1,170038943,C,T,440780,0.664451,-0.00273083,0.00222084,0.218831,KIFAP3
rs10919426,1,170501746,C,G,443860,0.620174,-0.0102,0.00215365,2.17807e-06,RP11-576I22.2
rs10919426,1,170501746,C,G,443860,0.620174,-0.0102,0.00215365,2.17807e-06,GORAB
rs150014952,1,172162913,A,C,446647,0.938754,-1.11807e-05,0.00434115,0.997945,DNM3
rs6670071,1,173431345,T,C,446356,0.813135,0.00128901,0.00267289,0.629626,RP11-296O14.3
rs9782947,1,178373500,C,G,441797,0.320779,0.00385785,0.00224381,0.0855549,RASAL2
rs4652619,1,181209712,T,C,445781,0.174683,0.00302554,0.00274501,0.270375,RP11-380B22.1
rs61377120,1,183597233,A,G,445583,0.972846,0.00782764,0.00641333,0.222265,ARPC5
rs12407984,1,190078218,G,A,445537,0.987599,0.00318748,0.00942629,0.735252,BRINP3
rs41304085,1,206778252,G,A,442964,0.965198,-0.00211901,0.00571082,0.7106,EIF2D
rs76450783,1,209741608,T,C,446744,0.985159,-0.000387254,0.00861932,0.964164,RP1-272L16.1
rs61849682,1,211847514,A,G,446193,0.89635,0.000718691,0.0034208,0.833594,NEK2
rs61849682,1,211847514,A,G,446193,0.89635,0.000718691,0.0034208,0.833594,RP11-122M14.1
rs114231312,1,214648437,G,A,446744,0.94338,0.00155858,0.004506,0.729425,PTPN14
rs1339408,1,215366058,G,A,444856,0.956463,0.00441467,0.00510824,0.387465,KCNK2
rs6682254,1,219912567,T,C,444322,0.340997,-0.00517583,0.00220303,0.0188029,SLC30A10
rs77066683,1,223829516,C,T,445770,0.98447,-0.0093731,0.00841987,0.265617,CAPN8
rs75375877,1,227489802,T,C,446088,0.96314,-0.00869345,0.00553017,0.11595,CDC42BPA
rs3000778,1,227597285,C,T,446744,0.143648,-0.00227954,0.00296736,0.442365,CTD-2090I13.1
rs3000778,1,227597285,C,T,446744,0.143648,-0.00227954,0.00296736,0.442365,CTD-2090I13.2
rs16851269,1,230398241,C,T,446278,0.880022,-0.00332031,0.00320589,0.300346,GALNT2
rs16851269,1,230398241,C,T,446278,0.880022,-0.00332031,0.00320589,0.300346,RP5-956O18.2
rs562430851,1,232161406,A,G,439677,0.964635,-0.00712524,0.0056835,0.209962,DISC1
rs10910319,1,234102072,A,T,445798,0.772856,-0.00378001,0.00249044,0.129062,SLC35F3
rs4659770,1,237276778,G,C,444219,0.50787,-0.00444878,0.00208511,0.0328759,RYR2
rs12086956,1,237896307,T,G,444659,0.97438,-0.00103433,0.0066086,0.875629,RYR2
rs578328,1,241187558,G,T,445917,0.661552,0.000452668,0.00220341,0.837229,RGS7
rs61844237,1,245133662,G,C,446744,0.527479,-0.000472115,0.00208618,0.820964,RP11-156E8.1
rs61844237,1,245133662,G,C,446744,0.527479,-0.000472115,0.00208618,0.820964,EFCAB2
rs12027773,1,245362680,T,C,446744,0.828328,0.000520537,0.00276035,0.850425,KIF26B
rs76207307,1,246988293,A,G,446264,0.90923,0.0017799,0.00362751,0.623662,KIF28P
rs12474442,2,2166942,G,A,446171,0.897775,0.00379694,0.0034371,0.269292,MYT1L
rs113622286,2,11815790,G,A,446744,0.981799,-0.0114621,0.0077872,0.141045,LPIN1
rs113535722,2,45396397,T,G,445532,0.964064,-0.00952638,0.00560113,0.0889814,LINC01121
rs113535722,2,45396397,T,G,445532,0.964064,-0.00952638,0.00560113,0.0889814,AC009236.2
rs10175045,2,103103232,T,C,441096,0.297405,0.00730547,0.00229626,0.00146534,SLC9A4
rs10186173,2,141057817,C,T,446592,0.58653,-0.00315177,0.00211463,0.136104,LRP1B
rs1065594,2,160088793,A,G,444980,0.67763,0.00247176,0.00223313,0.268354,TANC1
rs113468044,2,212904154,C,T,446689,0.984619,0.000369134,0.0084751,0.965259,ERBB4
rs12694859,2,231254570,C,T,446248,0.692441,0.00176062,0.00225712,0.435374,SP140L