"SNP","CHR","POS","A1","A2","AF1","BETA","SE","P","SAMPLE","GENE"
"rs10061683",5,122696882,"G","T",0.291502,0.0123341,0.00150558,2.56457e-16,"0/1","CEP120"
"rs10065634",5,122698367,"G","A",0.291681,0.012331,0.00150562,2.61217e-16,"1/0","CEP120"
"rs1009181",6,26158993,"T","C",0.621777,0.013337,0.00140949,3.01304e-21,"1/0","NR"
"rs1042116",6,32798548,"G","A",0.887702,0.012272,0.00216522,1.44644e-08,"1/0","TAP2"
"rs10423928",19,46182304,"T","A",0.805932,0.0169894,0.00172697,7.74852e-23,"1/1","GIPR"
"rs10423928",19,46182304,"T","A",0.805932,0.0169894,0.00172697,7.74852e-23,"1/1","NR"
"rs1042725",12,66358347,"C","T",0.507248,0.0259522,0.00136863,3.49914e-80,"0/1","NR"
"rs1042725",12,66358347,"C","T",0.507248,0.0259522,0.00136863,3.49914e-80,"0/1","HMGA2"
"rs10483727",14,61072875,"T","C",0.388007,0.0213976,0.00140459,2.09988e-52,"1/0","SIX1"
"rs10483727",14,61072875,"T","C",0.388007,0.0213976,0.00140459,2.09988e-52,"1/0","NR"
"rs10483727",14,61072875,"T","C",0.388007,0.0213976,0.00140459,2.09988e-52,"1/0","SIX6"
"rs10483727",14,61072875,"T","C",0.388007,0.0213976,0.00140459,2.09988e-52,"1/0","SIX6,SIX1"
"rs10494266",1,150245552,"A","G",0.876176,0.0119587,0.00209354,1.11526e-08,"0/1","C1orf54"
"rs10519991",5,127697589,"A","G",0.903402,0.012467,0.00232502,8.22501e-08,"0/1","FBN2"
"rs1057079",1,11205058,"C","T",0.258383,0.0150356,0.00156381,6.92653e-22,"0/1","MTOR-AS1,MTOR"
"rs1077393",6,31610529,"A","G",0.524049,0.0181559,0.00136904,3.85655e-40,"1/1","BAT3"
"rs1077393",6,31610529,"A","G",0.524049,0.0181559,0.00136904,3.85655e-40,"1/1","HLA-C"
"rs10777859",12,97792787,"A","G",0.47174,0.0116211,0.001371,2.32304e-17,"0/1","TRNAQ46P,RMST"
"rs10784502",12,66343810,"C","T",0.489358,0.0263281,0.00136853,1.7709e-82,"0/1","HMGA2"
"rs10863938",1,212262467,"T","C",0.0355086,0.0131369,0.00369739,0.000380842,"1/1","DTL"
"rs10864",6,81055803,"C","T",0.167442,0.0128308,0.00183374,2.61416e-12,"0/1","BCKDHB"
"rs10871454",16,31048079,"C","T",0.624129,0.0125755,0.00141215,5.33041e-19,"0/1","VKORC1"
"rs10946808",6,26233387,"A","G",0.727625,0.0228401,0.00153626,5.36759e-50,"0/1","Histoneclass1,Butyrophilingenes"
"rs10946808",6,26233387,"A","G",0.727625,0.0228401,0.00153626,5.36759e-50,"0/1","HIST1H1D"
"rs10946808",6,26233387,"A","G",0.727625,0.0228401,0.00153626,5.36759e-50,"0/1","NR"
"rs1112956",5,127433798,"A","G",0.243894,0.0148469,0.00159375,1.21086e-20,"1/1","NR"
"rs11152221",18,58017249,"T","C",0.31442,0.0200265,0.00149446,6.00378e-41,"1/0","RPS3AP49,MC4R"
"rs1131896",6,31379115,"G","A",0.769455,0.0127069,0.00162184,4.69303e-15,"1/0","MICA"
"rs1135172",1,11301714,"A","G",0.268968,0.0140954,0.00154465,7.151e-20,"0/1","MTOR"
"rs1136001",16,15131974,"G","T",0.703677,0.0116564,0.00149853,7.3344e-15,"0/1","PDXDC1,NTAN1,C16orf45,KIAA0430,MYH11,NDEI,RRN3,PARN"
"rs1136001",16,15131974,"G","T",0.703677,0.0116564,0.00149853,7.3344e-15,"0/1","PDXDC1,NTAN1"
"rs1154510",12,122295335,"T","C",0.125377,0.0125876,0.00206578,1.10542e-09,"1/1","HPD"
"rs1182188",7,2869985,"T","C",0.697995,0.0221817,0.00149004,4.02314e-50,"1/0","GNA12"
"rs1182188",7,2869985,"T","C",0.697995,0.0221817,0.00149004,4.02314e-50,"1/0","NR"
"rs1204660",20,33993091,"A","G",0.135419,0.0190593,0.00203967,9.24914e-21,"1/1","NRxNR"
"rs1265093",6,31107187,"G","A",0.708452,0.0137253,0.001503,6.72855e-20,"1/0","PSORS1C1,CCHCR1"
"rs12711521",1,11090916,"C","A",0.179918,0.0126019,0.00177977,1.435e-12,"1/0","MASP2"
"rs12748433",1,1559971,"C","T",0.0369198,0.013239,0.00364393,0.000279972,"1/1","MIB2"
"rs12916",5,74656539,"T","C",0.599761,0.0116119,0.00139669,9.26423e-17,"1/0","HMGCR"
"rs12916",5,74656539,"T","C",0.599761,0.0116119,0.00139669,9.26423e-17,"1/0","NR"
"rs12946454",17,43208121,"A","T",0.731617,0.0125817,0.00154691,4.172e-16,"0/1","ACBD4,PLCD3,HEXIM1,HEXIM2"
"rs12946454",17,43208121,"A","T",0.731617,0.0125817,0.00154691,4.172e-16,"0/1","PLCD3"
"rs130067",6,31118511,"T","G",0.802335,0.0166196,0.00171678,3.64168e-22,"1/0","NR"
"rs130067",6,31118511,"T","G",0.802335,0.0166196,0.00171678,3.64168e-22,"1/0","CCHCR1"
"rs13013484",2,27988821,"G","A",0.271327,0.0123564,0.00154196,1.11581e-15,"1/1","MRPL33"
"rs13154066",5,32831670,"T","C",0.403552,0.0117065,0.00139463,4.69867e-17,"1/0","NR"
"rs13154066",5,32831670,"T","C",0.403552,0.0117065,0.00139463,4.69867e-17,"1/0","AC026703.1"
"rs13210323",6,35005084,"A","C",0.720909,0.0149233,0.00153257,2.0879e-22,"1/1","ANKS1A"
"rs1415701",6,130345835,"G","A",0.736639,0.0235699,0.00158502,5.12969e-50,"1/0","NR"
"rs1415701",6,130345835,"G","A",0.736639,0.0235699,0.00158502,5.12969e-50,"1/0","L3MBTL3"
"rs1440372",15,67033151,"T","C",0.272398,0.0125397,0.00154031,3.9194e-16,"1/0","NR"
"rs1440372",15,67033151,"T","C",0.272398,0.0125397,0.00154031,3.9194e-16,"1/0","SMAD6"
"rs1517037",18,56878274,"C","T",0.812629,0.0129686,0.00175415,1.43449e-13,"1/1","SEC11C,GRP"
"rs1517037",18,56878274,"C","T",0.812629,0.0129686,0.00175415,1.43449e-13,"1/1","GRP"
"rs1517037",18,56878274,"C","T",0.812629,0.0129686,0.00175415,1.43449e-13,"1/1","NR"
"rs1548306",6,32427179,"A","T",0.338125,0.0211859,0.00145735,7.03066e-48,"1/1","Intergenic"
"rs1548306",6,32427179,"A","T",0.338125,0.0211859,0.00145735,7.03066e-48,"1/1","HLA-DRA,HLA-DRB5"
"rs1548306",6,32427179,"A","T",0.338125,0.0211859,0.00145735,7.03066e-48,"1/1","NR"
"rs1612904",6,32669018,"C","A",0.38174,0.0194764,0.00140567,1.17759e-43,"1/1","Intergenic"
"rs1612904",6,32669018,"C","A",0.38174,0.0194764,0.00140567,1.17759e-43,"1/1","intergenic"
"rs1641511",17,7559677,"G","A",0.235675,0.0161773,0.00163781,5.21753e-23,"1/1","NR"
"rs1688043",19,35553341,"C","T",0.0661239,0.0129338,0.00274981,2.55693e-06,"0/1","HPN-AS1"
"rs1688043",19,35553341,"C","T",0.0661239,0.0129338,0.00274981,2.55693e-06,"0/1","HPN"
"rs16895707",4,17781209,"C","T",0.790068,0.0135692,0.00168832,9.19812e-16,"0/1","FAM184B"
"rs16896068",4,17944840,"G","A",0.841907,0.0300861,0.0018726,4.38284e-58,"1/0","LCORL"
"rs16896068",4,17944840,"G","A",0.841907,0.0300861,0.0018726,4.38284e-58,"1/0","NR"
"rs17608902",5,127716567,"C","A",0.909038,0.0124558,0.00238961,1.86318e-07,"1/0","intergenic"
"rs1769259",9,97369149,"C","T",0.0734117,0.0138921,0.0026242,1.19773e-07,"1/1","FBP1"
"rs17826255",17,29333516,"T","C",0.945339,0.0197966,0.00300559,4.50076e-11,"1/0","LOC646021"
"rs1788799",18,21124945,"C","G",0.34615,0.0126181,0.0014373,1.64862e-18,"0/1","NPC1"
"rs1790100",12,123656725,"G","T",0.210839,0.0128649,0.00167905,1.83003e-14,"1/1","MPHOSPH9"
"rs1800437",19,46181392,"G","C",0.805997,0.0168703,0.00172693,1.53045e-22,"1/1","NR"
"rs1800437",19,46181392,"G","C",0.805997,0.0168703,0.00172693,1.53045e-22,"1/1","GIPR"
"rs1805081",18,21140432,"T","C",0.575003,0.0146768,0.00138846,4.07854e-26,"1/0","NPC1"
"rs185819",6,32050067,"T","C",0.53347,0.0164164,0.00136922,4.02719e-33,"1/0","TNXB"
"rs185819",6,32050067,"T","C",0.53347,0.0164164,0.00136922,4.02719e-33,"1/0","HLAclassIII"
"rs185819",6,32050067,"T","C",0.53347,0.0164164,0.00136922,4.02719e-33,"1/0","ATF6B"
"rs188014",13,50969923,"T","C",0.105325,0.0141561,0.00222745,2.08029e-10,"1/1","DLEU1"
"rs1885241",9,119355134,"A","G",0.0891573,0.0133818,0.00239981,2.45809e-08,"1/1","ASTN2"
"rs1885243",9,119384592,"T","C",0.087327,0.0129595,0.00242259,8.82215e-08,"1/1","ASTN2"
"rs1950500",14,24830850,"T","C",0.292076,0.0129678,0.00150457,6.75839e-18,"1/0","NFATC4"
"rs1984119",9,98368761,"T","C",0.747977,0.0132989,0.00160605,1.22631e-16,"1/0","PTCH1"
"rs1984119",9,98368761,"T","C",0.747977,0.0132989,0.00160605,1.22631e-16,"1/0","RP11-332M4.1"
"rs200220",13,50960378,"A","C",0.113206,0.0137417,0.00215904,1.95625e-10,"1/1","DLEU1"
"rs2014830",3,50172397,"C","T",0.699407,0.0130479,0.00150641,4.65038e-18,"0/1","AMT,APEH,RHOA,DAG1,GNAI2,GNAT1,GPX1,HYAL1,MST1,MST1R,SEMA3F,TCTA,IFRD2,SEMA3B,BSN,CACNA2D2,IP6K1,RBM6,RBM5,TRAIP,NPRL2,SLC38A3,CYB561D2,TMEM115,RASSF1,TUSC2,NAT6,GMPPB,ZMYND10,RNF123,CAMKV,NICN1,MON1A,LSMEM2,ACTBP13,UBA7,USP4,HYAL3,HYAL2,AMIGO3,FAM212A"
"rs2076529",6,32363955,"T","C",0.55062,0.0121356,0.00137408,1.03015e-18,"1/0","BTNL2"
"rs2076530",6,32363816,"T","C",0.545719,0.0119046,0.00137344,4.40952e-18,"1/0","BTNL2"
"rs2076530",6,32363816,"T","C",0.545719,0.0119046,0.00137344,4.40952e-18,"1/0","TSBP1-AS1,BTNL2"
"rs2115172",5,122685128,"A","G",0.561664,0.0185093,0.00137852,4.20549e-41,"0/1","NR"
"rs2159042",17,69409329,"A","G",0.0464453,0.0120145,0.00325201,0.00022034,"1/1","CASC17,SOX9"
"rs2211866",21,39688107,"A","G",0.385834,0.0122681,0.00141741,4.91679e-18,"1/1","NR"
"rs2227139",6,32413459,"G","A",0.397372,0.0176507,0.00139513,1.0961e-36,"1/1","intergenic"
"rs2227956",6,31778272,"G","A",0.192158,0.0120041,0.00173457,4.50011e-12,"1/1","HSPA1L"
"rs2229495",2,189932831,"T","C",0.0159501,0.0123843,0.00545774,0.0232602,"1/1","COL5A2"
"rs2243868",6,31261276,"A","G",0.427478,0.0186514,0.00138113,1.47091e-41,"0/1","WASF5P,HLA-B"
"rs2247056",6,31265490,"T","C",0.299458,0.0236124,0.00149336,2.58791e-56,"1/0","HLA"
"rs2247056",6,31265490,"T","C",0.299458,0.0236124,0.00149336,2.58791e-56,"1/0","WASF5P,HLA-B"
"rs2247056",6,31265490,"T","C",0.299458,0.0236124,0.00149336,2.58791e-56,"1/0","HLA-C,HLA-B"
"rs2247056",6,31265490,"T","C",0.299458,0.0236124,0.00149336,2.58791e-56,"1/0","NR"
"rs2256175",6,31380449,"C","T",0.592961,0.0128691,0.00139031,2.11606e-20,"0/1","HLA-B"
"rs2261033",6,31603591,"A","G",0.570143,0.0169821,0.00137847,7.11413e-35,"0/1","PRRC2A"
"rs2277114",6,109827716,"C","T",0.614868,0.0123067,0.00140662,2.15053e-18,"1/1","NR"
"rs2284178",6,31432125,"C","T",0.528743,0.0141508,0.00136919,4.88386e-25,"0/1","HCP5,XXbac-BPG181B23.6"
"rs2284178",6,31432125,"C","T",0.528743,0.0141508,0.00136919,4.88386e-25,"0/1","HCP5"
"rs2287019",19,46202172,"C","T",0.820178,0.0158995,0.00179385,7.76666e-19,"1/1","QPCTL"
"rs2287019",19,46202172,"C","T",0.820178,0.0158995,0.00179385,7.76666e-19,"1/1","GIPR,QPCTL"
"rs2287019",19,46202172,"C","T",0.820178,0.0158995,0.00179385,7.76666e-19,"1/1","NR"
"rs2288904",19,10742170,"A","G",0.223458,0.0137833,0.00164417,5.15209e-17,"0/1","SLC44A2"
"rs2306862",11,68177510,"C","T",0.834507,0.0216978,0.0018481,7.88969e-32,"0/1","LRP5"
"rs2307111",5,75003678,"T","C",0.606093,0.019424,0.00140165,1.1397e-43,"1/0","C5orf37"
"rs2307111",5,75003678,"T","C",0.606093,0.019424,0.00140165,1.1397e-43,"1/0","NR"
"rs2307111",5,75003678,"T","C",0.606093,0.019424,0.00140165,1.1397e-43,"1/0","POC5"
"rs2307111",5,75003678,"T","C",0.606093,0.019424,0.00140165,1.1397e-43,"1/0","POC5,ANKRD31,GCNT4"
"rs2395471",6,31240692,"G","A",0.643851,0.0159625,0.00142772,5.08407e-29,"1/0","HLA-C"
"rs2411453",16,28632021,"T","G",0.402012,0.0148013,0.00140204,4.71644e-26,"1/0","NR"
"rs2428486",6,31354104,"T","C",0.688317,0.012972,0.00147702,1.59749e-18,"1/0","HLA-S,MICA"
"rs2454206",4,106196951,"A","G",0.614639,0.0156902,0.00140478,5.77519e-29,"1/1","TET2"
"rs2454206",4,106196951,"A","G",0.614639,0.0156902,0.00140478,5.77519e-29,"1/1","TET2-AS1,TET2"
"rs2516393",6,31506744,"A","C",0.196843,0.0120209,0.00172083,2.83743e-12,"0/1","BAT1"
"rs2516448",6,31390410,"T","C",0.503829,0.0162583,0.00136551,1.09688e-32,"1/0","MICA"
"rs2516739",16,2097158,"G","A",0.781588,0.0157289,0.00165641,2.18612e-21,"1/0","NTHL1"
"rs2523467",6,31362930,"C","T",0.688912,0.0131149,0.00147682,6.65682e-19,"0/1","HLA-S,MICA"
"rs2523554",6,31331829,"C","T",0.408177,0.0183372,0.00138901,8.59087e-40,"0/1","DHFRP2"
"rs2523578",6,31328542,"G","A",0.293335,0.0232287,0.00149975,4.15741e-54,"1/0","XXbac-BPG248L24.12"
"rs2523589",6,31327334,"G","T",0.504863,0.0152815,0.0013661,4.76448e-29,"0/1","HLA-B"
"rs2524089",6,31266522,"G","T",0.427103,0.0187965,0.00138106,3.48275e-42,"0/1","WASF5P,HLA-B"
"rs2524163",6,31259579,"C","T",0.427862,0.0186292,0.00138047,1.67761e-41,"0/1","HLA-C"
"rs2524163",6,31259579,"C","T",0.427862,0.0186292,0.00138047,1.67761e-41,"0/1","WASF5P,HLA-B"
"rs2524163",6,31259579,"C","T",0.427862,0.0186292,0.00138047,1.67761e-41,"0/1","PSORS1C1xWASF5P"
"rs2545164",5,112153665,"C","T",0.381593,0.0115217,0.00140963,2.99475e-16,"0/1","APC"
"rs2596501",6,31321211,"C","T",0.532606,0.0122281,0.00136968,4.34859e-19,"0/1","HLA-BxHLA-B"
"rs2596530",6,31387373,"G","A",0.503943,0.0162411,0.00136522,1.2365e-32,"1/0","MICA,HLA-X"
"rs2596531",6,31387557,"C","T",0.503941,0.016251,0.00136515,1.12531e-32,"0/1","MICA,HLA-X"
"rs2596542",6,31366595,"C","T",0.689106,0.0131432,0.00147724,5.73212e-19,"0/1","XXbacBPG248L24.13xYRNA"
"rs2596542",6,31366595,"C","T",0.689106,0.0131432,0.00147724,5.73212e-19,"0/1","MICA"
"rs2631367",5,131705458,"C","G",0.479334,0.0124136,0.00136973,1.27103e-19,"1/1","MIR3936HG,SLC22A5"
"rs2647012",6,32664458,"T","C",0.405917,0.0203175,0.0013922,3.0731e-48,"1/1","HLA-DQB1,HLA-DQA2"
"rs2647012",6,32664458,"T","C",0.405917,0.0203175,0.0013922,3.0731e-48,"1/1","intergenic"
"rs2647012",6,32664458,"T","C",0.405917,0.0203175,0.0013922,3.0731e-48,"1/1","HLA-DQA2,HLA-DQA1"
"rs2647012",6,32664458,"T","C",0.405917,0.0203175,0.0013922,3.0731e-48,"1/1","HLA-DQB1"
"rs2647087",6,32681049,"A","C",0.749795,0.0116188,0.00157827,1.81536e-13,"1/1","HLA-DQB1,HLA-DQA2"
"rs2665357",6,160848167,"A","C",0.483535,0.0122602,0.00137407,4.55653e-19,"0/1","SLC22A3"
"rs2707450",4,17942560,"C","T",0.259862,0.023015,0.00156255,4.19014e-49,"0/1","LCORL"
"rs2726491",4,106212562,"G","A",0.615297,0.01572,0.00140543,4.81597e-29,"1/1","NR"
"rs2726513",4,106217358,"G","T",0.590999,0.0155362,0.00140885,2.8142e-28,"1/1","Intergenic"
"rs2726513",4,106217358,"G","T",0.590999,0.0155362,0.00140885,2.8142e-28,"1/1","RN7SL89P"
"rs2736428",6,31843924,"C","T",0.689991,0.0143023,0.00147797,3.77643e-22,"0/1","SLC44A4"
"rs2844479",6,31572956,"A","C",0.674717,0.0160817,0.00146576,5.23329e-28,"0/1","AIF1"
"rs2844479",6,31572956,"A","C",0.674717,0.0160817,0.00146576,5.23329e-28,"0/1","AIF1,NCR3"
"rs2844479",6,31572956,"A","C",0.674717,0.0160817,0.00146576,5.23329e-28,"0/1","NR"
"rs2844511",6,31389784,"A","G",0.503826,0.0162924,0.00136539,8.01828e-33,"0/1","MICA,HLA-X"
"rs2844511",6,31389784,"A","G",0.503826,0.0162924,0.00136539,8.01828e-33,"0/1","MICA,HCP5"
"rs2844521",6,31368964,"C","T",0.688732,0.0131857,0.0014769,4.33918e-19,"0/1","HLA-S,MICA"
"rs2844529",6,31353593,"G","A",0.688223,0.012979,0.00147682,1.51549e-18,"1/0","HLA-S,MICA"
"rs284844",10,104554529,"A","G",0.099204,0.0117154,0.0022914,3.17446e-07,"1/1","WBP1L"
"rs2853933",6,31254088,"T","C",0.427338,0.0186369,0.00138037,1.53424e-41,"1/0","RPL3P2,WASF5P"
"rs2853977",6,31379304,"A","T",0.503835,0.0162033,0.00136555,1.78214e-32,"0/1","MICA"
"rs2856717",6,32670308,"A","G",0.403991,0.0202977,0.00139261,4.03665e-48,"1/1","HLA-DQB1,HLA-DQA1,HLA-DRB1"
"rs2856717",6,32670308,"A","G",0.403991,0.0202977,0.00139261,4.03665e-48,"1/1","HLA-DQB1,HLA-DQA2"
"rs2856725",6,32666738,"C","T",0.406266,0.020435,0.00139326,1.04809e-48,"1/1","HLA-DQB1,HLA-DQA2"
"rs2858305",6,32670464,"G","T",0.403536,0.0201788,0.0013951,2.04392e-47,"1/1","HLA-DQB1,HLA-DQA2"
"rs2858331",6,32681277,"A","G",0.630109,0.0153012,0.00141634,3.31839e-27,"1/1","HLA-DQA2"
"rs2858331",6,32681277,"A","G",0.630109,0.0153012,0.00141634,3.31839e-27,"1/1","HLA-DQB1,HLA-DQA2"
"rs2858333",6,32681085,"A","G",0.749,0.0116924,0.00157229,1.03347e-13,"1/1","HLA-DQB1,HLA-DQA2"
"rs2875907",3,85518580,"A","G",0.352231,0.0127757,0.00143209,4.61879e-19,"1/1","CADM2"
"rs2894181",6,31174527,"A","G",0.533691,0.0138949,0.00137037,3.68709e-24,"0/1","HCG27,HLA-C"
"rs2952615",5,112138888,"G","C",0.381742,0.0116305,0.001412,1.76739e-16,"1/0","APC"
"rs303084",4,124066948,"G","A",0.202136,0.0146369,0.00171451,1.37627e-17,"1/1","SPATA5,FGF2"
"rs303084",4,124066948,"G","A",0.202136,0.0146369,0.00171451,1.37627e-17,"1/1","NR"
"rs304162",5,88156970,"C","T",0.102989,0.0127392,0.00225145,1.52973e-08,"1/1","MEF2C"
"rs3093978",6,31498497,"C","A",0.197062,0.0120727,0.00172225,2.38628e-12,"1/0","MCCD1"
"rs3094093",6,30679628,"T","A",0.0781157,0.0119773,0.00254997,2.63973e-06,"1/0","NR"
"rs3094212",6,31085770,"G","A",0.536428,0.0146072,0.00137056,1.60328e-26,"1/0","PSORS1C1,CDSN"
"rs3105749",6,160820978,"G","A",0.504743,0.0123354,0.00137041,2.23182e-19,"1/0","NR"
"rs3115537",6,31497835,"G","C",0.19736,0.0120898,0.00171947,2.04892e-12,"1/0","MCCD1"
"rs3118906",13,51106788,"G","A",0.721491,0.0246106,0.00152554,1.51257e-58,"1/1","RPL34P26,DLEU7"
"rs3118906",13,51106788,"G","A",0.721491,0.0246106,0.00152554,1.51257e-58,"1/1","DLEU1"
"rs3118906",13,51106788,"G","A",0.721491,0.0246106,0.00152554,1.51257e-58,"1/1","DLEU7"
"rs3118906",13,51106788,"G","A",0.721491,0.0246106,0.00152554,1.51257e-58,"1/1","NR"
"rs3118914",13,51116901,"G","T",0.784469,0.0298571,0.00166232,3.92839e-72,"1/1","DLEU7"
"rs3118914",13,51116901,"G","T",0.784469,0.0298571,0.00166232,3.92839e-72,"1/1","NR"
"rs3118914",13,51116901,"G","T",0.784469,0.0298571,0.00166232,3.92839e-72,"1/1","RPL34P26,DLEU7"
"rs3118916",13,51136808,"G","A",0.789688,0.0292816,0.00168196,7.02357e-68,"1/1","DLEU1"
"rs3129860",6,32401079,"A","G",0.151033,0.0133285,0.00190812,2.84596e-12,"1/1","intergenic"
"rs3129860",6,32401079,"A","G",0.151033,0.0133285,0.00190812,2.84596e-12,"1/1","BTNL2,HLA-DRA"
"rs3129889",6,32413545,"G","A",0.146492,0.0134656,0.00193269,3.2306e-12,"1/1","HLA-DRB1"
"rs3129900",6,32305979,"G","T",0.167293,0.0136434,0.00183185,9.48447e-14,"1/1","HLA-DRB1"
"rs3129900",6,32305979,"G","T",0.167293,0.0136434,0.00183185,9.48447e-14,"1/1","C6orf10"
"rs3129934",6,32336187,"T","C",0.167476,0.0139405,0.00183107,2.67193e-14,"1/1","HLA-DRB1"
"rs3129934",6,32336187,"T","C",0.167476,0.0139405,0.00183107,2.67193e-14,"1/1","C6orf10"
"rs3130050",6,31618761,"G","A",0.15097,0.0146251,0.00190864,1.8226e-14,"1/1","BAT3"
"rs3130299",6,32203537,"A","G",0.765136,0.0138814,0.00161279,7.49391e-18,"1/1","NOTCH4,C6orf10"
"rs3130320",6,32223258,"T","C",0.378787,0.0185451,0.00140679,1.10516e-39,"1/1","NOTCH4,C6orf10"
"rs3130320",6,32223258,"T","C",0.378787,0.0185451,0.00140679,1.10516e-39,"1/1","BTNL2"
"rs3130342",6,32080146,"A","C",0.149758,0.0140701,0.00191313,1.91658e-13,"1/1","TNXB,ATF6B"
"rs3130683",6,31888367,"C","T",0.147254,0.0137409,0.00193399,1.20355e-12,"1/1","C2"
"rs3130952",6,31177915,"G","A",0.157705,0.0150043,0.00187586,1.25855e-15,"1/0","HCG27,HLA-C"
"rs3132940",6,32161396,"T","G",0.144529,0.0145317,0.001943,7.48875e-14,"1/1","GPSM3,NOTCH4,AGER,MICB,NFKBIL1,LTA,NCR3,AIF1,TNXB,CREBL1,FKBPL,PRRT1"
"rs3132946",6,32190028,"A","G",0.145123,0.0142483,0.00194095,2.12125e-13,"1/1","NOTCH4"
"rs3132946",6,32190028,"A","G",0.145123,0.0142483,0.00194095,2.12125e-13,"1/1","NR"
"rs3134603",6,32126002,"A","G",0.143376,0.0124678,0.00194926,1.59311e-10,"1/1","PPT2"
"rs3134943",6,32147761,"T","C",0.148825,0.0139782,0.00191971,3.30382e-13,"1/1","AGPAT1"
"rs3134943",6,32147761,"T","C",0.148825,0.0139782,0.00191971,3.30382e-13,"1/1","RNF5"
"rs3134954",6,32071893,"C","T",0.150119,0.0143282,0.00191153,6.5959e-14,"1/1","TNXB"
"rs3135388",6,32413051,"A","G",0.146474,0.0134827,0.00193264,3.03036e-12,"1/1","HLA-DRA"
"rs3135388",6,32413051,"A","G",0.146474,0.0134827,0.00193264,3.03036e-12,"1/1","HLA-DRB1"
"rs3135388",6,32413051,"A","G",0.146474,0.0134827,0.00193264,3.03036e-12,"1/1","HLA-DQA1,HLA-DRB1"
"rs357564",9,98209594,"G","A",0.661417,0.0145137,0.00144528,9.95234e-24,"1/0","PTCH1"
"rs3736228",11,68201295,"C","T",0.847419,0.0224025,0.00190143,4.83667e-32,"0/1","LRP5"
"rs3736594",2,27995781,"A","C",0.264316,0.0124355,0.00154951,1.01181e-15,"1/1","MRPL33"
"rs3748069",6,142767633,"A","G",0.710129,0.015092,0.0015071,1.32364e-23,"0/1","NR"
"rs3748069",6,142767633,"A","G",0.710129,0.015092,0.0015071,1.32364e-23,"0/1","GPR126"
"rs3760318",17,29247715,"G","A",0.624679,0.0189081,0.00141291,7.66685e-41,"1/0","CRLF3,ATAD5,CENTA2,RNF135"
"rs3760318",17,29247715,"G","A",0.624679,0.0189081,0.00141291,7.66685e-41,"1/0","CENTA2"
"rs3760318",17,29247715,"G","A",0.624679,0.0189081,0.00141291,7.66685e-41,"1/0","NR"
"rs3791679",2,56096892,"A","G",0.773401,0.0205149,0.00163365,3.60598e-36,"0/1","EFEMP1"
"rs3791679",2,56096892,"A","G",0.773401,0.0205149,0.00163365,3.60598e-36,"0/1","NR"
"rs3791679",2,56096892,"A","G",0.773401,0.0205149,0.00163365,3.60598e-36,"0/1","EFEMP1,PNPT1"
"rs3812121",6,80968727,"A","G",0.557532,0.0119231,0.00137981,5.56452e-18,"0/1","BCKDHB"
"rs3817973",6,32361111,"C","T",0.550844,0.012176,0.00137401,7.8851e-19,"0/1","HNRNPA1P2,BTNL2"
"rs3828753",6,80912746,"C","T",0.43687,0.0119071,0.00138209,6.97881e-18,"1/1","BCKDHB"
"rs3846662",5,74651084,"A","G",0.576899,0.0125252,0.00138431,1.45626e-19,"0/1","NR"
"rs3846662",5,74651084,"A","G",0.576899,0.0125252,0.00138431,1.45626e-19,"0/1","HMGCR"
"rs3846663",5,74655726,"C","T",0.625849,0.0129027,0.00141334,6.89919e-20,"0/1","NR"
"rs3846663",5,74655726,"C","T",0.625849,0.0129027,0.00141334,6.89919e-20,"0/1","COL4A3BP,HMGCR"
"rs3846663",5,74655726,"C","T",0.625849,0.0129027,0.00141334,6.89919e-20,"0/1","HMGCR"
"rs3869109",6,31184196,"A","G",0.459057,0.0161163,0.00137073,6.46103e-32,"0/1","HCG27,HLA-C"
"rs3873386",6,31273745,"T","C",0.641789,0.0154,0.00142375,2.8757e-27,"1/0","WASF5P,HLA-B"
"rs3897644",18,57729069,"C","T",0.446409,0.0206227,0.00138281,2.69011e-50,"0/1","NR"
"rs389883",6,31947460,"G","T",0.322943,0.020047,0.00145748,4.78249e-43,"1/1","STK19"
"rs3931",2,169721381,"A","G",0.679209,0.012907,0.00146675,1.37114e-18,"1/1","NOSTRIN"
"rs4073717",5,170864021,"G","T",0.799806,0.0169656,0.00171415,4.27463e-23,"0/1","FGF18"
"rs4073717",5,170864021,"G","T",0.799806,0.0169656,0.00171415,4.27463e-23,"0/1","NR"
"rs4078978",2,68359897,"C","T",0.9186,0.0159852,0.00250437,1.7371e-10,"0/1","WDR92"
"rs4128539",2,189974958,"G","T",0.0163177,0.0137399,0.00540811,0.0110657,"1/1","COL5A2"
"rs4142110",13,42754522,"T","C",0.615187,0.0125901,0.00140579,3.37021e-19,"1/1","DGKH"
"rs437179",6,31929014,"A","C",0.324389,0.0200887,0.00145655,2.84888e-43,"1/1","SKIV2L"
"rs4386132",16,53759123,"C","T",0.946756,0.0138182,0.00306376,6.47569e-06,"0/1","FTO"
"rs4472734",1,214618185,"C","T",0.604316,0.0137956,0.001401,7.06732e-23,"0/1","PTPN14"
"rs4500751",16,15140211,"C","T",0.69403,0.0118608,0.00148307,1.26959e-15,"0/1","PDXDC1"
"rs4642516",6,32657543,"G","T",0.525472,0.0141121,0.00136947,6.70216e-25,"1/1","HLA-DR,HLA-DQ"
"rs4712976",6,25842203,"C","T",0.73208,0.0122857,0.0015428,1.67584e-15,"0/1","NR"
"rs4713226",6,29434414,"G","A",0.908344,0.0136227,0.00237174,9.26068e-09,"1/0","OR2H1"
"rs4751889",10,124132188,"T","C",0.587572,0.0118757,0.00139096,1.36891e-17,"1/1","BTBD16,PLEKHA1"
"rs4751890",10,124161791,"T","C",0.590221,0.0119519,0.00139261,9.2921e-18,"1/1","PLEKHA1"
"rs4792819",17,43247957,"A","C",0.70524,0.0126595,0.0015176,7.31514e-17,"1/1","NR"
"rs4846044",1,11839998,"T","C",0.0403428,0.0119371,0.00348022,0.000603614,"1/1","C1orf167,LOC100506310"
"rs4869272",5,95539448,"C","T",0.310986,0.0128686,0.0014771,2.98359e-18,"0/1","ELL2,PCSK1"
"rs4869272",5,95539448,"C","T",0.310986,0.0128686,0.0014771,2.98359e-18,"0/1","NR"
"rs4896582",6,142703877,"G","A",0.698486,0.0137729,0.00149239,2.73809e-20,"1/0","GPR126"
"rs4896582",6,142703877,"G","A",0.698486,0.0137729,0.00149239,2.73809e-20,"1/0","NR"
"rs4911494",20,33971914,"C","T",0.368901,0.032688,0.00141746,1.14342e-117,"0/1","UQCC1"
"rs4985124",16,15125441,"T","G",0.703197,0.0118077,0.0014963,2.99164e-15,"1/0","PDXDC1"
"rs537160",6,31916400,"A","G",0.363327,0.0181092,0.00141794,2.3652e-37,"1/1","NR"
"rs537160",6,31916400,"A","G",0.363327,0.0181092,0.00141794,2.3652e-37,"1/1","XXbac-BPG116M5.17,CFB"
"rs540742",1,78585086,"T","C",0.78361,0.0132606,0.00166356,1.57122e-15,"1/1","GIPC2"
"rs544167",6,31890158,"T","G",0.924511,0.0125923,0.002589,1.15181e-06,"1/1","ZBTB12,C2"
"rs5744680",5,74879890,"G","A",0.622829,0.0146331,0.00141221,3.69741e-25,"1/0","NR"
"rs6060402",20,34005240,"T","C",0.367763,0.0331014,0.00142201,7.41963e-120,"1/0","intergenic"
"rs6088813",20,33975181,"C","A",0.369039,0.032765,0.00141733,3.09109e-118,"1/0","NR"
"rs6088813",20,33975181,"C","A",0.369039,0.032765,0.00141733,3.09109e-118,"1/0","UQCC"
"rs6180",5,42719239,"A","C",0.548634,0.0125287,0.00137425,7.73973e-20,"0/1","GHR"
"rs6452788",5,87712913,"G","A",0.762245,0.013645,0.00161062,2.41395e-17,"1/0","TMEM161B-AS1,CTC-498M16.2"
"rs6452788",5,87712913,"G","A",0.762245,0.013645,0.00161062,2.41395e-17,"1/0","NR"
"rs6457374",6,31272261,"C","T",0.301758,0.0238148,0.00148921,1.46263e-57,"0/1","WASF5P,HLA-B"
"rs6457374",6,31272261,"C","T",0.301758,0.0238148,0.00148921,1.46263e-57,"0/1","NR"
"rs6457374",6,31272261,"C","T",0.301758,0.0238148,0.00148921,1.46263e-57,"0/1","HLA-C"
"rs6457617",6,32663851,"C","T",0.521846,0.0164241,0.001369,3.67692e-33,"0/1","HLA-DQB1"
"rs6457617",6,32663851,"C","T",0.521846,0.0164241,0.001369,3.67692e-33,"0/1","HLA,DRB1,DQA1,DQB1"
"rs6457617",6,32663851,"C","T",0.521846,0.0164241,0.001369,3.67692e-33,"0/1","HLA-DQA2,HLA-DQA1"
"rs6457617",6,32663851,"C","T",0.521846,0.0164241,0.001369,3.67692e-33,"0/1","MHC"
"rs6457617",6,32663851,"C","T",0.521846,0.0164241,0.001369,3.67692e-33,"0/1","HLA-DQB1,HLA-DQA2"
"rs6457617",6,32663851,"C","T",0.521846,0.0164241,0.001369,3.67692e-33,"0/1","HLA-DQA1"
"rs6457617",6,32663851,"C","T",0.521846,0.0164241,0.001369,3.67692e-33,"0/1","HLA-DQA1,HLA-DRB1"
"rs6457617",6,32663851,"C","T",0.521846,0.0164241,0.001369,3.67692e-33,"0/1","HLA,DQB1"
"rs6457620",6,32663999,"G","C",0.521786,0.0164163,0.0013691,3.98159e-33,"1/0","HLAlocus"
"rs6457620",6,32663999,"G","C",0.521786,0.0164163,0.0013691,3.98159e-33,"1/0","HLA-DRB1"
"rs6457620",6,32663999,"G","C",0.521786,0.0164163,0.0013691,3.98159e-33,"1/0","HLA-DQB1,HLA-DQA2"
"rs6569647",6,130337266,"T","C",0.802623,0.0169588,0.00173437,1.39859e-22,"1/0","L3MBTL3"
"rs6569647",6,130337266,"T","C",0.802623,0.0169588,0.00173437,1.39859e-22,"1/0","TMEM244,L3MBTL3"
"rs6569648",6,130349119,"C","T",0.240094,0.0295529,0.00160026,3.76718e-76,"0/1","NR"
"rs6569648",6,130349119,"C","T",0.240094,0.0295529,0.00160026,3.76718e-76,"0/1","L3MBTL3"
"rs6570507",6,142679572,"G","A",0.714399,0.014881,0.00151407,8.48663e-23,"1/0","GPR126"
"rs6570507",6,142679572,"G","A",0.714399,0.014881,0.00151407,8.48663e-23,"1/0","NR"
"rs6591341",11,68335478,"C","T",0.724068,0.0154117,0.00152942,6.99696e-24,"0/1","intergenic"
"rs6686842",1,41530871,"T","C",0.435248,0.0159551,0.00138196,7.80413e-31,"1/1","SCMH1"
"rs6725556",2,227666992,"A","G",0.944136,0.016221,0.00304365,9.85006e-08,"0/1","IRS1,RHBDD1"
"rs6830062",4,18017730,"T","C",0.841655,0.029983,0.00187172,9.41854e-58,"1/0","LCORL,NCAPG"
"rs6830062",4,18017730,"T","C",0.841655,0.029983,0.00187172,9.41854e-58,"1/0","NR"
"rs6830062",4,18017730,"T","C",0.841655,0.029983,0.00187172,9.41854e-58,"1/0","LC0RL"
"rs6830062",4,18017730,"T","C",0.841655,0.029983,0.00187172,9.41854e-58,"1/0","LCORL"
"rs6896136",5,74787310,"T","C",0.618346,0.0150831,0.00140879,9.49899e-27,"1/0","COL4A3BP"
"rs6899976",6,130358428,"G","A",0.302364,0.0267497,0.00149081,5.43334e-72,"1/0","L3MBTL3,SAMD3"
"rs6928482",6,32626249,"T","C",0.537495,0.0147662,0.00137161,5.00234e-27,"1/1","HLA-DQB1"
"rs6930924",6,50790633,"G","A",0.898604,0.0195968,0.00227101,6.18259e-18,"1/0","Intergenic"
"rs6935954",6,26255451,"A","G",0.423117,0.0128321,0.00138459,1.90034e-20,"1/1","HIST1H2BH,HIST1H3G"
"rs6936204",6,32217092,"T","C",0.369208,0.0192325,0.0014131,3.48758e-42,"1/1","AK123889"
"rs6936204",6,32217092,"T","C",0.369208,0.0192325,0.0014131,3.48758e-42,"1/1","NOTCH4,C6orf10"
"rs7033487",9,119129257,"T","C",0.802115,0.0226675,0.00171912,1.06287e-39,"1/0","PAPPA"
"rs707939",6,31726688,"C","A",0.675241,0.0148398,0.00146038,2.94172e-24,"1/0","ABHD16A,AIF1,APOM,BAG6,C2,C2-AS1,C4A,C4B,C4B_2,C6orf25,C6orf47,C6orf48,CFB,CLIC1,CSNK2B,CYP21A1P,CYP21A2,DDAH2,DXO,EHMT2,GPANK1,HSPA1A,HSPA1B,HSPA1L,LSM2,LY6G5B,LY6G5C,LY6G6C,LY6G6D,LY6G6E,LY6G6F,MIR1236,MIR4646,MIR6832,MSH5,MSH5-SAPCD1,NELFE,NEU1,PRRC2A,"
"rs7192",6,32411646,"T","G",0.397286,0.0176372,0.00139519,1.24842e-36,"1/1","HLA-DRA"
"rs7194",6,32412480,"G","A",0.397586,0.0176878,0.00139572,8.36151e-37,"1/1","BTNL2"
"rs7194",6,32412480,"G","A",0.397586,0.0176878,0.00139572,8.36151e-37,"1/1","HLA-DRA"
"rs719721",20,50975497,"A","G",0.716579,0.0138644,0.0015203,7.54374e-20,"0/1","ERP28P,MRPS33P4"
"rs7204270",16,30156963,"C","T",0.50333,0.0149883,0.00137088,7.98778e-28,"1/1","MAPK3"
"rs724577",4,17993410,"A","C",0.261047,0.0227262,0.0015575,3.18285e-48,"0/1","LCORL"
"rs724577",4,17993410,"A","C",0.261047,0.0227262,0.0015575,3.18285e-48,"0/1","NR"
"rs7382297",6,31247067,"T","G",0.158452,0.0154003,0.0018726,1.96788e-16,"1/0","HLA-C,RPL3P2"
"rs7481311",11,27583129,"T","C",0.228917,0.0176155,0.00162382,2.03431e-27,"1/1","BDNF"
"rs749670",16,31088625,"A","G",0.62518,0.0124461,0.00141347,1.30415e-18,"0/1","ZNF646"
"rs752200",5,122705110,"A","G",0.291919,0.012294,0.0015056,3.20031e-16,"0/1","CEP120"
"rs7525870",1,78269207,"G","A",0.73693,0.0121659,0.00155555,5.24295e-15,"1/1","FAM73A"
"rs7530205",1,224487290,"T","C",0.0589668,0.0123913,0.00290171,1.95166e-05,"1/1","NVL"
"rs7564482",2,172160433,"C","T",0.419955,0.0117799,0.00139671,3.33806e-17,"1/1","TLK1,METTL8"
"rs759250",2,59329153,"A","G",0.297095,0.011797,0.00150365,4.30958e-15,"0/1","LOC730134,FLJ30838"
"rs76428106",13,28604007,"T","C",0.989337,0.0230336,0.00668502,0.000569906,"1/0","FLT3"
"rs76608582",19,4474725,"C","A",0.960865,0.0164833,0.00359095,4.42736e-06,"1/0","NR"
"rs76608582",19,4474725,"C","A",0.960865,0.0164833,0.00359095,4.42736e-06,"1/0","HDGFRP2"
"rs7678436",4,17797966,"G","A",0.843626,0.0268662,0.00188185,3.0664e-46,"1/0","FAM184B,C4orf30"
"rs7678436",4,17797966,"G","A",0.843626,0.0268662,0.00188185,3.0664e-46,"1/0","LCORL,NCAPG"
"rs7678436",4,17797966,"G","A",0.843626,0.0268662,0.00188185,3.0664e-46,"1/0","NR"
"rs7684221",4,17957354,"G","A",0.841915,0.0301612,0.0018728,2.35656e-58,"1/0","LCORL"
"rs7703051",5,74625487,"C","A",0.625168,0.0129066,0.00141248,6.38978e-20,"1/0","HMGCR"
"rs7703051",5,74625487,"C","A",0.625168,0.0129066,0.00141248,6.38978e-20,"1/0","NR"
"rs7715806",5,75034387,"C","T",0.631946,0.0176734,0.00143239,5.62814e-35,"0/1","C5orf37,POC5"
"rs7715806",5,75034387,"C","T",0.631946,0.0176734,0.00143239,5.62814e-35,"0/1","POC5"
"rs773652",12,56674766,"G","A",0.0676548,0.0140116,0.00272164,2.6294e-07,"1/1","CS"
"rs7745656",6,32680970,"G","T",0.749732,0.0116182,0.00157812,1.81067e-13,"1/1","HLA-DQB1,HLA-DQA2"
"rs7753012",6,142745883,"T","G",0.695406,0.0139589,0.0014896,7.18932e-21,"1/0","ADGRG6"
"rs7753012",6,142745883,"T","G",0.695406,0.0139589,0.0014896,7.18932e-21,"1/0","GPR126"
"rs7753012",6,142745883,"T","G",0.695406,0.0139589,0.0014896,7.18932e-21,"1/0","LOC153910,GPR126"
"rs7759742",6,32381736,"T","A",0.469907,0.0131837,0.00137563,9.35709e-22,"1/0","NR"
"rs7759742",6,32381736,"T","A",0.469907,0.0131837,0.00137563,9.35709e-22,"1/0","BTNL2"
"rs7774434",6,32657578,"T","C",0.62388,0.0131345,0.00141242,1.41432e-20,"1/0","HLA"
"rs7774434",6,32657578,"T","C",0.62388,0.0131345,0.00141242,1.41432e-20,"1/0","HLA-DQB1"
"rs7774434",6,32657578,"T","C",0.62388,0.0131345,0.00141242,1.41432e-20,"1/0","MHC"
"rs7869550",9,119134796,"A","G",0.800444,0.0225001,0.00171008,1.54489e-39,"0/1","PAPPA"
"rs7869550",9,119134796,"A","G",0.800444,0.0225001,0.00171008,1.54489e-39,"0/1","NR"
"rs7893461",10,124035694,"G","T",0.933749,0.0120332,0.0027495,1.20607e-05,"0/1","BTBD16"
"rs7968682",12,66371880,"G","T",0.48335,0.0263415,0.00138174,5.02483e-81,"0/1","HMGA2"
"rs7968682",12,66371880,"G","T",0.48335,0.0263415,0.00138174,5.02483e-81,"0/1","NR"
"rs7970350",12,66360164,"C","T",0.507298,0.025972,0.00136911,3.02277e-80,"0/1","HMGA2"
"rs797512",13,51226954,"T","C",0.590398,0.0131827,0.00140545,6.61701e-21,"1/0","RPL34P26,DLEU7"
"rs798489",7,2801803,"C","T",0.729486,0.0220131,0.00154065,2.59235e-46,"0/1","GNA12"
"rs798489",7,2801803,"C","T",0.729486,0.0220131,0.00154065,2.59235e-46,"0/1","AMZ1"
"rs798489",7,2801803,"C","T",0.729486,0.0220131,0.00154065,2.59235e-46,"0/1","NR"
"rs798497",7,2795957,"A","G",0.699785,0.022348,0.00149322,1.21879e-50,"0/1","GNA12"
"rs798497",7,2795957,"A","G",0.699785,0.022348,0.00149322,1.21879e-50,"0/1","NR"
"rs798544",7,2763102,"C","T",0.701839,0.0220199,0.00149479,4.06975e-49,"0/1","NR"
"rs798544",7,2763102,"C","T",0.701839,0.0220199,0.00149479,4.06975e-49,"0/1","GNA12"
"rs7991818",13,51210380,"C","T",0.77541,0.0187192,0.00165173,9.00039e-30,"1/1","RPL34P26,DLEU7"
"rs8038734",15,72811402,"G","A",0.0308692,0.012795,0.00395077,0.00120116,"1/1","Intergenic"
"rs8045689",16,28988269,"C","T",0.302481,0.012817,0.00149771,1.15157e-17,"0/1","LAT,RP11-264B17.4,SPNS1"
"rs806794",6,26200677,"A","G",0.728007,0.0238557,0.00153759,2.74845e-54,"0/1","HIST1H2BF,HIST1H4E"
"rs806794",6,26200677,"A","G",0.728007,0.0238557,0.00153759,2.74845e-54,"0/1","HIST1H2BF"
"rs806794",6,26200677,"A","G",0.728007,0.0238557,0.00153759,2.74845e-54,"0/1","NR"
"rs806794",6,26200677,"A","G",0.728007,0.0238557,0.00153759,2.74845e-54,"0/1","Histonecluster"
"rs806973",6,26148326,"A","G",0.611893,0.0128263,0.00140306,6.14949e-20,"0/1","NR"
"rs8179",7,92236164,"T","C",0.207633,0.0286392,0.0016944,4.33394e-64,"1/1","CDK6"
"rs823114",1,205719532,"G","A",0.45283,0.0132696,0.00137467,4.77714e-22,"1/0","PARK16"
"rs823114",1,205719532,"G","A",0.45283,0.0132696,0.00137467,4.77714e-22,"1/0","NR"
"rs823114",1,205719532,"G","A",0.45283,0.0132696,0.00137467,4.77714e-22,"1/0","intergenic"
"rs823114",1,205719532,"G","A",0.45283,0.0132696,0.00137467,4.77714e-22,"1/0","NUCKS1"
"rs827423",6,152156197,"G","A",0.49836,0.0133096,0.00137102,2.792e-22,"1/0","NR"
"rs849141",7,28185091,"A","G",0.289565,0.0130955,0.00150882,3.98245e-18,"1/1","JAZF1"
"rs866006",5,112176559,"T","G",0.380718,0.0116275,0.00141054,1.67507e-16,"1/0","APC"
"rs8756",12,66359752,"C","A",0.483938,0.0260342,0.001371,2.09744e-80,"1/0","HMGA2"
"rs8756",12,66359752,"C","A",0.483938,0.0260342,0.001371,2.09744e-80,"1/0","NR"
"rs884742",6,160807432,"C","A",0.504874,0.0123882,0.0013709,1.61749e-19,"1/0","SLC22A3"
"rs888789",5,74988369,"A","G",0.537407,0.0135199,0.00137347,7.30322e-23,"0/1","FLJ35779"
"rs925946",11,27667202,"T","G",0.314363,0.0183929,0.00147224,8.13733e-36,"1/0","BDNF"
"rs925946",11,27667202,"T","G",0.314363,0.0183929,0.00147224,8.13733e-36,"1/0","NR"
"rs9266245",6,31325702,"A","G",0.293939,0.0234441,0.00150218,6.55929e-55,"0/1","NR"
"rs9267649",6,31824828,"A","G",0.189434,0.0120741,0.0017435,4.35231e-12,"1/1","SNORD52,NEU1"
"rs9267658",6,31845985,"T","C",0.146761,0.0143412,0.00192974,1.07238e-13,"1/1","SLC44A4"
"rs9268402",6,32341353,"G","A",0.497973,0.0124669,0.00136714,7.58239e-20,"1/0","C6orf10"
"rs9268402",6,32341353,"G","A",0.497973,0.0124669,0.00136714,7.58239e-20,"1/0","BTNL2,C6orf10"
"rs9268831",6,32427748,"C","T",0.522326,0.0124435,0.0013667,8.6454e-20,"1/1","HLA-DRAB5"
"rs9268831",6,32427748,"C","T",0.522326,0.0124435,0.0013667,8.6454e-20,"1/1","HLA-DRB9"
"rs9268832",6,32427789,"T","C",0.39749,0.0179634,0.00139535,6.3255e-38,"1/1","HLA-DRB9"
"rs9270986",6,32574060,"A","C",0.157117,0.0135523,0.00187802,5.34257e-13,"1/1","HLA-DRB1,HLA-DQA1"
"rs9271366",6,32586854,"G","A",0.149913,0.0132865,0.00191412,3.88465e-12,"1/1","HLA-DQA1"
"rs9271366",6,32586854,"G","A",0.149913,0.0132865,0.00191412,3.88465e-12,"1/1","DQA1"
"rs9271366",6,32586854,"G","A",0.149913,0.0132865,0.00191412,3.88465e-12,"1/1","HLA-DRB1,HLA-DQA1"
"rs9271366",6,32586854,"G","A",0.149913,0.0132865,0.00191412,3.88465e-12,"1/1","HLA-DRB1"
"rs9271366",6,32586854,"G","A",0.149913,0.0132865,0.00191412,3.88465e-12,"1/1","HLA-DRA,HLA-DRB5,BTNL2,HLA-DRB1,HLA-DQA1"
"rs9271366",6,32586854,"G","A",0.149913,0.0132865,0.00191412,3.88465e-12,"1/1","MHC,HLA-DRB1"
"rs9275224",6,32659878,"A","G",0.516905,0.0168442,0.00136774,7.49296e-35,"0/1","HLA-DQB1,HLA-DQA1,HLA-DRB1"
"rs9275224",6,32659878,"A","G",0.516905,0.0168442,0.00136774,7.49296e-35,"0/1","HLA-DQB1,HLA-DQA2"
"rs9275563",6,32677912,"C","T",0.548787,0.0132138,0.00137472,7.11548e-22,"1/1","HLA-DQA2"
"rs9275572",6,32678999,"A","G",0.424332,0.0196064,0.00138307,1.29004e-45,"1/1","HLA-DQA2"
"rs9275572",6,32678999,"A","G",0.424332,0.0196064,0.00138307,1.29004e-45,"1/1","HLA-DQB1,HLA-DQA1"
"rs9275572",6,32678999,"A","G",0.424332,0.0196064,0.00138307,1.29004e-45,"1/1","HLA-DQ,HLA-DR"
"rs9275572",6,32678999,"A","G",0.424332,0.0196064,0.00138307,1.29004e-45,"1/1","HLA-DQB1,HLA-DQA2"
"rs9275596",6,32681631,"C","T",0.382213,0.0194074,0.00140647,2.59785e-43,"1/1","HLA-DQB1,HLA-DRB1,HLA-DQA1"
"rs9275596",6,32681631,"C","T",0.382213,0.0194074,0.00140647,2.59785e-43,"1/1","HLA-DRB1,HLA-DQA1,HLA-DQB1,HLA-DQA2"
"rs9275596",6,32681631,"C","T",0.382213,0.0194074,0.00140647,2.59785e-43,"1/1","HLA-DQB1,HLA-DQA2"
"rs9275596",6,32681631,"C","T",0.382213,0.0194074,0.00140647,2.59785e-43,"1/1","HLA-DQB1,HLA-DQA1,HLA-DRB1"
"rs9319943",18,56879827,"T","C",0.807337,0.0127308,0.00173928,2.48767e-13,"1/1","SEC11C,GRP"
"rs9346816",6,160782662,"A","G",0.501208,0.0133929,0.00137885,2.65189e-22,"0/1","SLC22A3"
"rs9352817",6,81025879,"T","G",0.54258,0.0122724,0.00137396,4.17819e-19,"1/0","BCKDHB"
"rs9366778",6,31269173,"G","A",0.64047,0.0122034,0.00142299,9.83038e-18,"1/0","DHFRP2xXXbacBPG248L24.13"
"rs9366778",6,31269173,"G","A",0.64047,0.0122034,0.00142299,9.83038e-18,"1/0","HLA-C"
"rs9366778",6,31269173,"G","A",0.64047,0.0122034,0.00142299,9.83038e-18,"1/0","CDSNxXXbacBPG248L24.13"
"rs9388766",6,130354855,"T","C",0.301708,0.0268905,0.00149253,1.44e-72,"1/0","NR"
"rs9388766",6,130354855,"T","C",0.301708,0.0268905,0.00149253,1.44e-72,"1/0","L3MBTL3"
"rs9393692",6,26276650,"A","G",0.472718,0.0142047,0.00136866,3.10488e-25,"1/1","Intergenic"
"rs9468925",6,31258837,"G","A",0.6622,0.0124353,0.00144281,6.76748e-18,"1/0","HLA"
"rs9469220",6,32658310,"G","A",0.513178,0.0147561,0.00136755,3.83149e-27,"1/1","NR"
"rs9469220",6,32658310,"G","A",0.513178,0.0147561,0.00136755,3.83149e-27,"1/1","HLA-DQB1,HLA-DQA2"
"rs9469220",6,32658310,"G","A",0.513178,0.0147561,0.00136755,3.83149e-27,"1/1","HLA-DQB1"
"rs9487094",6,109742015,"G","A",0.651225,0.0131524,0.00143566,5.12977e-20,"1/1","PPIL6,SMPD2,MNICAL1,ZBTB24,CD164"
"rs951252",4,145825151,"A","G",0.4504,0.0212839,0.00137498,4.77396e-54,"1/1","NR"
"rs951252",4,145825151,"A","G",0.4504,0.0212839,0.00137498,4.77396e-54,"1/1","ANAPC10,HHIP"
"rs951252",4,145825151,"A","G",0.4504,0.0212839,0.00137498,4.77396e-54,"1/1","HHIP,ANAPC10"
"rs978332",13,51136739,"C","T",0.27763,0.0144351,0.00152737,3.35785e-21,"1/1","DLEU1"
"rs978814",6,80959912,"C","A",0.560204,0.0121978,0.00138094,1.01923e-18,"1/0","BCKDHB"
"rs9923231",16,31107689,"C","T",0.625726,0.0125154,0.00141307,8.22856e-19,"0/1","VKORC1"
"rs9934438",16,31104878,"G","A",0.625577,0.0124385,0.00141284,1.32153e-18,"1/0","VKORC1"
"rs9961404",18,56877537,"C","T",0.833729,0.0146158,0.00183711,1.7787e-15,"1/1","SEC11C,GRP"
