"SNP","CHR","POS","A1","A2","AF1","BETA","SE","P","SAMPLE","GENE","ALL_GENES"
"rs10159298","1","54064240","C","T","0.775463","0.0111933","0.00174446","1.39443e-10","0/1","GLIS1","GLIS1"
"rs10182181","2","25150296","A","G","0.513038","0.00975271","0.00145376","1.96478e-11","0/1","ADCY3","ADCY3,POMC"
"rs10182181","2","25150296","A","G","0.513038","0.00975271","0.00145376","1.96478e-11","0/1","ADCY3","ADCY3,DNAJC27"
"rs10182181","2","25150296","A","G","0.513038","0.00975271","0.00145376","1.96478e-11","0/1","ADCY3","ADCY3"
"rs1042725","12","66358347","C","T","0.507351","0.0119652","0.00145045","1.59363e-16","0/1","HMGA2","HMGA2"
"rs1046080","6","31595882","C","A","0.279845","0.00884032","0.0016124","4.18861e-08","1/0","PRRC2A","PRRC2A"
"rs10483727","14","61072875","T","C","0.38804","0.00945523","0.00148861","2.12898e-10","1/0","SIX1","SIX1"
"rs10483727","14","61072875","T","C","0.38804","0.00945523","0.00148861","2.12898e-10","1/0","SIX6","SIX6,SIX1"
"rs10483727","14","61072875","T","C","0.38804","0.00945523","0.00148861","2.12898e-10","1/0","SIX6","SIX6"
"rs10493174","1","54038536","C","A","0.790886","0.011399","0.00181809","3.61549e-10","1/0","GLIS1","GLIS1"
"rs10505784","12","15127141","A","G","0.893285","0.010724","0.00235079","5.07066e-06","0/1","PDE6H","PDE6H"
"rs1077393","6","31610529","A","G","0.524113","0.0111733","0.00145067","1.33742e-14","1/1","BAT3","BAT3"
"rs1077393","6","31610529","A","G","0.524113","0.0111733","0.00145067","1.33742e-14","1/1","HLA-C","HLA-C"
"rs10784502","12","66343810","C","T","0.489474","0.0123633","0.00145035","1.53674e-17","0/1","HMGA2","HMGA2"
"rs10838738","11","47663049","A","G","0.649328","0.0091591","0.00151664","1.55013e-09","0/1","MTCH2","MTCH2"
"rs10863938","1","212262467","T","C","0.0354779","0.0161413","0.0039195","3.81815e-05","1/1","DTL","DTL"
"rs10864","6","81055803","C","T","0.16741","0.0109546","0.00194347","1.73423e-08","0/1","BCKDHB","BCKDHB"
"rs10988217","9","131888116","A","G","0.394194","0.00877093","0.00150562","5.69498e-09","0/1","CART","CART,PPP2R4"
"rs10988217","9","131888116","A","G","0.394194","0.00877093","0.00150562","5.69498e-09","0/1","CRAT","CRAT"
"rs10988217","9","131888116","A","G","0.394194","0.00877093","0.00150562","5.69498e-09","0/1","CRAT","CRAT,PPP2R4"
"rs11150606","16","31099011","T","C","0.98372","0.0168448","0.00573362","0.00330447","1/0","PRSS53","PRSS53"
"rs1204660","20","33993091","A","G","0.135354","0.0142746","0.00216215","4.05618e-11","1/1","NRxNR","NRxNR"
"rs1229984","4","100239319","T","C","0.0248024","0.0148016","0.00464702","0.00144659","1/1","ADH6","ADH6,ADH1B"
"rs1229984","4","100239319","T","C","0.0248024","0.0148016","0.00464702","0.00144659","1/1","chr4mb100","chr4mb100"
"rs1229984","4","100239319","T","C","0.0248024","0.0148016","0.00464702","0.00144659","1/1","METAP1","METAP1,ADH5,LOC100507053,ADH4,PCNAP1,ADH6,ADH1A,ADH1B,ADH1C,ADH7,C4orf17,RG9MTD2,MTTP"
"rs1229984","4","100239319","T","C","0.0248024","0.0148016","0.00464702","0.00144659","1/1","ADH1B","ADH1B,ADH1C,METAP1,LOC100507053"
"rs1229984","4","100239319","T","C","0.0248024","0.0148016","0.00464702","0.00144659","1/1","ADH1B","ADH1B"
"rs1229984","4","100239319","T","C","0.0248024","0.0148016","0.00464702","0.00144659","1/1","ADH4","ADH4,ADH1C,ADH6,ADH1A,ADH7,ADH1B,ADH5"
"rs1261070","18","52903085","A","G","0.0857246","0.0175519","0.00259033","1.23607e-11","1/1","TCF4","TCF4"
"rs12946454","17","43208121","A","T","0.731638","0.00928123","0.00163928","1.49812e-08","0/1","PLCD3","PLCD3"
"rs12946454","17","43208121","A","T","0.731638","0.00928123","0.00163928","1.49812e-08","0/1","ACBD4","ACBD4,PLCD3,HEXIM1,HEXIM2"
"rs1337391","9","16611692","A","G","0.0803774","0.0133938","0.00267496","5.5262e-07","1/1","BNC2","BNC2"
"rs13407913","2","25097644","A","G","0.547475","0.0106439","0.00146064","3.16705e-13","0/1","ADCY3","ADCY3,DNAJC27,EFR3B,DNMT3A,POMC"
"rs13407913","2","25097644","A","G","0.547475","0.0106439","0.00146064","3.16705e-13","0/1","ADCY3","ADCY3"
"rs13407913","2","25097644","A","G","0.547475","0.0106439","0.00146064","3.16705e-13","0/1","POMC","POMC,ADCY3,DNAJC27,EFR3B,DNMT3A"
"rs1408445","6","18349366","C","T","0.114614","0.00939912","0.00227734","3.67134e-05","0/1","DEK","DEK,DDX18P3"
"rs1415701","6","130345835","G","A","0.736537","0.00918941","0.00167947","4.45962e-08","1/0","L3MBTL3","L3MBTL3"
"rs142129039","16","86547445","T","C","0.988989","0.00982967","0.00702131","0.16152","1/0","FOXF1","FOXF1"
"rs1502644","5","3671006","C","A","0.0583477","0.00977088","0.00309164","0.00157544","1/1","IRX1","IRX1"
"rs1548306","6","32427179","A","T","0.338279","0.0121695","0.00154409","3.23864e-15","1/1","Intergenic","Intergenic"
"rs1548306","6","32427179","A","T","0.338279","0.0121695","0.00154409","3.23864e-15","1/1","HLA-DRA","HLA-DRA,HLA-DRB5"
"rs1567","6","126249914","T","G","0.867226","0.00902216","0.00213633","2.40851e-05","1/0","NCOA7","NCOA7"
"rs1568116","15","89392745","T","C","0.0162353","0.00994278","0.00573961","0.0832185","1/1","ACAN","ACAN"
"rs1587805","2","164096464","A","G","0.0186415","0.0090818","0.00535461","0.0898722","1/1","KCNH7","KCNH7,FIGN"
"rs1612904","6","32669018","C","A","0.381847","0.0116899","0.00148937","4.19712e-15","1/1","intergenic","intergenic"
"rs1612904","6","32669018","C","A","0.381847","0.0116899","0.00148937","4.19712e-15","1/1","Intergenic","Intergenic"
"rs16895707","4","17781209","C","T","0.790126","0.0113988","0.00178909","1.87489e-10","0/1","FAM184B","FAM184B"
"rs16896068","4","17944840","G","A","0.842018","0.0209757","0.001985","4.23376e-26","1/0","LCORL","LCORL"
"rs17158558","10","43620335","C","T","0.986471","0.0203172","0.0062649","0.00118266","0/1","RET","RET"
"rs17552029","11","106285669","C","T","0.94615","0.00967","0.00321365","0.00262075","0/1","AASDHPPT","AASDHPPT,GUCY1A2"
"rs185819","6","32050067","T","C","0.533588","0.0113324","0.00145096","5.706e-15","1/0","HLAclassIII","HLAclassIII"
"rs185819","6","32050067","T","C","0.533588","0.0113324","0.00145096","5.706e-15","1/0","ATF6B","ATF6B"
"rs185819","6","32050067","T","C","0.533588","0.0113324","0.00145096","5.706e-15","1/0","TNXB","TNXB"
"rs2033654","2","25103108","C","A","0.549211","0.0106562","0.00146134","3.05176e-13","1/0","ADCY3","ADCY3"
"rs204887","6","32029226","A","G","0.321263","0.00917939","0.00155175","3.30843e-09","0/1","TNXB","TNXB"
"rs2110927","2","40354688","C","T","0.267193","0.00977582","0.0016513","3.21805e-09","0/1","SLC8A1","SLC8A1"
"rs213273","7","18504508","G","A","0.0639723","0.00943002","0.00297911","0.00154879","1/1","HDAC9","HDAC9"
"rs2159042","17","69409329","A","G","0.0464204","0.0101618","0.0034475","0.0032026","1/1","CASC17","CASC17,SOX9"
"rs2227139","6","32413459","G","A","0.397464","0.011847","0.00147831","1.11176e-15","1/1","intergenic","intergenic"
"rs2227956","6","31778272","G","A","0.192159","0.0110653","0.00183812","1.74514e-09","1/1","HSPA1L","HSPA1L"
"rs2233701","8","26365716","C","T","0.896088","0.00902302","0.00237644","0.000146541","0/1","PNMA2","PNMA2"
"rs2239802","6","32411846","C","G","0.209956","0.0109873","0.0017791","6.58379e-10","1/1","HLA-DRA","HLA-DRA"
"rs2239804","6","32411523","T","C","0.55556","0.0091177","0.00145571","3.76636e-10","1/1","HLA-DRA","HLA-DRA"
"rs2243868","6","31261276","A","G","0.427535","0.0101666","0.00146382","3.77829e-12","0/1","WASF5P","WASF5P,HLA-B"
"rs2247056","6","31265490","T","C","0.299483","0.0118861","0.00158268","5.90947e-14","1/0","WASF5P","WASF5P,HLA-B"
"rs2247056","6","31265490","T","C","0.299483","0.0118861","0.00158268","5.90947e-14","1/0","HLA","HLA"
"rs2247056","6","31265490","T","C","0.299483","0.0118861","0.00158268","5.90947e-14","1/0","HLA-C","HLA-C,HLA-B"
"rs2261033","6","31603591","A","G","0.570214","0.0108727","0.00146095","9.89975e-14","0/1","PRRC2A","PRRC2A"
"rs2306862","11","68177510","C","T","0.834443","0.0101213","0.00195806","2.35286e-07","0/1","LRP5","LRP5"
"rs2336725","3","53118739","C","T","0.440745","0.0101372","0.00145899","3.70317e-12","1/1","RTF1","RTF1"
"rs2395173","6","32404859","A","G","0.336675","0.0102628","0.00153217","2.11002e-11","0/1","BTNL2","BTNL2,HLA-DRA"
"rs2395185","6","32433167","G","T","0.64338","0.0103715","0.00151438","7.45244e-12","0/1","HLAclassII","HLAclassII"
"rs2395185","6","32433167","G","T","0.64338","0.0103715","0.00151438","7.45244e-12","0/1","HLA-DQB1","HLA-DQB1,HLA-DRA,BTNL2,HLA-DRB5,HLA-DRB1,HLA-DQA1"
"rs2395185","6","32433167","G","T","0.64338","0.0103715","0.00151438","7.45244e-12","0/1","HLA-DRA","HLA-DRA"
"rs2395185","6","32433167","G","T","0.64338","0.0103715","0.00151438","7.45244e-12","0/1","intergenic","intergenic"
"rs2395185","6","32433167","G","T","0.64338","0.0103715","0.00151438","7.45244e-12","0/1","HLA-DRA","HLA-DRA,HLA-DRB5"
"rs2395185","6","32433167","G","T","0.64338","0.0103715","0.00151438","7.45244e-12","0/1","C6orf10","C6orf10,BTNL2,HLA"
"rs2507","15","74275676","A","G","0.729659","0.0105128","0.0016374","1.3589e-10","0/1","STOML1","STOML1"
"rs2516393","6","31506744","A","C","0.19685","0.012619","0.00182354","4.51462e-12","0/1","BAT1","BAT1"
"rs2516739","16","2097158","G","A","0.7816","0.00892353","0.00175525","3.6972e-07","1/0","NTHL1","NTHL1"
"rs2523554","6","31331829","C","T","0.408245","0.00987752","0.00147197","1.94099e-11","0/1","DHFRP2","DHFRP2"
"rs2523578","6","31328542","G","A","0.293365","0.0132648","0.00158952","7.10967e-17","1/0","XXbac-BPG248L24.12","XXbac-BPG248L24.12"
"rs2523589","6","31327334","G","T","0.50488","0.00895523","0.00144792","6.21439e-10","0/1","HLA-B","HLA-B"
"rs2524089","6","31266522","G","T","0.427154","0.0101058","0.00146374","5.05146e-12","0/1","WASF5P","WASF5P,HLA-B"
"rs2524163","6","31259579","C","T","0.427917","0.0100493","0.00146312","6.49235e-12","0/1","WASF5P","WASF5P,HLA-B"
"rs2524163","6","31259579","C","T","0.427917","0.0100493","0.00146312","6.49235e-12","0/1","PSORS1C1xWASF5P","PSORS1C1xWASF5P"
"rs2524163","6","31259579","C","T","0.427917","0.0100493","0.00146312","6.49235e-12","0/1","HLA-C","HLA-C"
"rs2631367","5","131705458","C","G","0.479206","0.0110226","0.00145162","3.11744e-14","1/1","MIR3936HG","MIR3936HG,SLC22A5"
"rs2647012","6","32664458","T","C","0.406009","0.0117722","0.00147497","1.44766e-15","1/1","HLA-DQA2","HLA-DQA2,HLA-DQA1"
"rs2647012","6","32664458","T","C","0.406009","0.0117722","0.00147497","1.44766e-15","1/1","HLA-DQB1","HLA-DQB1"
"rs2647012","6","32664458","T","C","0.406009","0.0117722","0.00147497","1.44766e-15","1/1","HLA-DQB1","HLA-DQB1,HLA-DQA2"
"rs2647012","6","32664458","T","C","0.406009","0.0117722","0.00147497","1.44766e-15","1/1","intergenic","intergenic"
"rs2707450","4","17942560","C","T","0.259948","0.0140037","0.00165531","2.67747e-17","0/1","LCORL","LCORL"
"rs2736428","6","31843924","C","T","0.690063","0.0130967","0.00156643","6.22751e-17","0/1","SLC44A4","SLC44A4"
"rs274557","5","131721204","T","C","0.627646","0.0100081","0.0014978","2.35883e-11","1/1","SLC22A5","SLC22A5"
"rs274558","5","131721174","A","G","0.626967","0.00988763","0.00149826","4.1275e-11","1/1","SLC22A5","SLC22A5"
"rs274567","5","131714409","C","T","0.634268","0.0101439","0.00150397","1.53268e-11","1/1","SLC22A4","SLC22A4"
"rs2844479","6","31572956","A","C","0.674707","0.01148","0.00155318","1.45422e-13","0/1","AIF1","AIF1,NCR3"
"rs2844479","6","31572956","A","C","0.674707","0.01148","0.00155318","1.45422e-13","0/1","AIF1","AIF1"
"rs28472312","16","28826049","C","T","0.290637","0.00884302","0.00162947","5.73324e-08","0/1","ENSG00000251417","ENSG00000251417"
"rs284844","10","104554529","A","G","0.0992443","0.0114565","0.00242815","2.37923e-06","1/1","WBP1L","WBP1L"
"rs2853933","6","31254088","T","C","0.427386","0.0100732","0.00146302","5.77066e-12","1/0","RPL3P2","RPL3P2,WASF5P"
"rs2856717","6","32670308","A","G","0.404081","0.0117055","0.00147541","2.12611e-15","1/1","HLA-DQB1","HLA-DQB1,HLA-DQA2"
"rs2856717","6","32670308","A","G","0.404081","0.0117055","0.00147541","2.12611e-15","1/1","HLA-DQB1","HLA-DQB1,HLA-DQA1,HLA-DRB1"
"rs2856725","6","32666738","C","T","0.406363","0.0117858","0.00147611","1.4125e-15","1/1","HLA-DQB1","HLA-DQB1,HLA-DQA2"
"rs2857605","6","31524851","C","T","0.210432","0.0106761","0.00177964","1.98519e-09","0/1","NFKBIL1","NFKBIL1"
"rs2858305","6","32670464","G","T","0.40363","0.0115989","0.00147802","4.24177e-15","1/1","HLA-DQB1","HLA-DQB1,HLA-DQA2"
"rs28933977","6","132206079","C","T","0.96539","0.0123003","0.0039619","0.00190505","0/1","ENPP1","ENPP1"
"rs2894181","6","31174527","A","G","0.533632","0.00864326","0.00145236","2.66208e-09","0/1","HCG27","HCG27,HLA-C"
"rs306356","4","131656694","A","C","0.0483527","0.0093077","0.00337813","0.00586409","1/1","RP11-401I19.2","RP11-401I19.2"
"rs3093978","6","31498497","C","A","0.197068","0.0127507","0.00182506","2.81898e-12","1/0","MCCD1","MCCD1"
"rs3093993","6","31490725","C","A","0.265236","0.0103686","0.00163673","2.37478e-10","1/0","PPIAP9","PPIAP9,RPL15P4"
"rs3095227","6","31491000","A","G","0.266879","0.0104142","0.00163706","1.99768e-10","0/1","PPIAP9","PPIAP9,RPL15P4"
"rs3104402","6","32681676","T","G","0.0804844","0.0103637","0.00266358","9.98748e-05","1/1","HLA-DRB1","HLA-DRB1,HLA-DQA1"
"rs3115537","6","31497835","G","C","0.197367","0.0127735","0.0018221","2.3774e-12","1/0","MCCD1","MCCD1"
"rs3115573","6","32218843","A","G","0.60219","0.01149","0.00147687","7.25644e-15","0/1","intergenic","intergenic"
"rs3115573","6","32218843","A","G","0.60219","0.01149","0.00147687","7.25644e-15","0/1","NOTCH4","NOTCH4,C6orf10"
"rs3118906","13","51106788","G","A","0.721489","0.0152422","0.00161679","4.20039e-21","1/1","DLEU7","DLEU7"
"rs3118906","13","51106788","G","A","0.721489","0.0152422","0.00161679","4.20039e-21","1/1","RPL34P26","RPL34P26,DLEU7"
"rs3118906","13","51106788","G","A","0.721489","0.0152422","0.00161679","4.20039e-21","1/1","DLEU1","DLEU1"
"rs3118914","13","51116901","G","T","0.78447","0.0185559","0.00176166","6.07377e-26","1/1","DLEU7","DLEU7"
"rs3118914","13","51116901","G","T","0.78447","0.0185559","0.00176166","6.07377e-26","1/1","RPL34P26","RPL34P26,DLEU7"
"rs3118916","13","51136808","G","A","0.78969","0.0176781","0.00178256","3.5032e-23","1/1","DLEU1","DLEU1"
"rs3129720","6","32663631","T","C","0.237091","0.0110446","0.00170738","9.88399e-11","1/1","HLA-DQB1","HLA-DQB1,HLA-DQA2"
"rs3129720","6","32663631","T","C","0.237091","0.0110446","0.00170738","9.88399e-11","1/1","HLA-DQB1","HLA-DQB1"
"rs3129720","6","32663631","T","C","0.237091","0.0110446","0.00170738","9.88399e-11","1/1","HLA-DQA2","HLA-DQA2,HLA-DQB1,HLA-DRB9,HLA-DRB5,HLA-DRB1,HLA-DQA1"
"rs3129768","6","32595083","G","T","0.181702","0.0111711","0.00187964","2.79474e-09","1/1","HLA-DRB1","HLA-DRB1,HLA-DQA1"
"rs3129860","6","32401079","A","G","0.151131","0.0147134","0.00202166","3.39066e-13","1/1","BTNL2","BTNL2,HLA-DRA"
"rs3129860","6","32401079","A","G","0.151131","0.0147134","0.00202166","3.39066e-13","1/1","intergenic","intergenic"
"rs3129871","6","32406342","A","C","0.358577","0.0111399","0.00151159","1.71083e-13","0/1","HLA-DRA","HLA-DRA"
"rs3129889","6","32413545","G","A","0.146594","0.0144118","0.00204758","1.9441e-12","1/1","HLA-DRB1","HLA-DRB1"
"rs3129900","6","32305979","G","T","0.167426","0.0140026","0.00194073","5.38892e-13","1/1","HLA-DRB1","HLA-DRB1"
"rs3129900","6","32305979","G","T","0.167426","0.0140026","0.00194073","5.38892e-13","1/1","C6orf10","C6orf10"
"rs3129934","6","32336187","T","C","0.167609","0.0139882","0.00193992","5.56567e-13","1/1","HLA-DRB1","HLA-DRB1"
"rs3129934","6","32336187","T","C","0.167609","0.0139882","0.00193992","5.56567e-13","1/1","C6orf10","C6orf10"
"rs3129941","6","32337686","A","G","0.24655","0.0141476","0.0016801","3.74177e-17","0/1","C6orf10","C6orf10"
"rs3130050","6","31618761","G","A","0.150983","0.0147779","0.00202256","2.7411e-13","1/1","BAT3","BAT3"
"rs3130315","6","32220685","G","A","0.60218","0.0114999","0.00147688","6.88519e-15","1/0","NOTCH4","NOTCH4,C6orf10"
"rs3130320","6","32223258","T","C","0.378808","0.0125578","0.00149062","3.62024e-17","1/1","BTNL2","BTNL2"
"rs3130320","6","32223258","T","C","0.378808","0.0125578","0.00149062","3.62024e-17","1/1","NOTCH4","NOTCH4,C6orf10"
"rs3130342","6","32080146","A","C","0.149826","0.0166138","0.00202713","2.49159e-16","1/1","TNXB","TNXB,ATF6B"
"rs3130542","6","31232111","A","G","0.207753","0.00905856","0.00178595","3.93411e-07","0/1","HLA-C","HLA-C"
"rs3130617","6","31627523","C","T","0.278999","0.00894732","0.00161359","2.94008e-08","0/1","C6orf47","C6orf47"
"rs3130637","6","31488145","A","G","0.266864","0.0104129","0.00163707","2.00839e-10","0/1","PPIAP9","PPIAP9"
"rs3130683","6","31888367","C","T","0.14731","0.0153097","0.00204923","7.96191e-14","1/1","C2","C2"
"rs3130952","6","31177915","G","A","0.157698","0.0109731","0.00198821","3.40724e-08","1/0","HCG27","HCG27,HLA-C"
"rs3132940","6","32161396","T","G","0.144627","0.0160706","0.00205844","5.84754e-15","1/1","GPSM3","GPSM3,NOTCH4,AGER,MICB,NFKBIL1,LTA,NCR3,AIF1,TNXB,CREBL1,FKBPL,PRRT1"
"rs3132946","6","32190028","A","G","0.145229","0.0153277","0.00205631","9.05433e-14","1/1","NOTCH4","NOTCH4"
"rs3132959","6","32298942","G","A","0.246703","0.014177","0.00167979","3.18104e-17","1/0","C6orf10","C6orf10"
"rs3134603","6","32126002","A","G","0.143453","0.0142553","0.00206534","5.12169e-12","1/1","PPT2","PPT2"
"rs3134943","6","32147761","T","C","0.148903","0.0165878","0.00203402","3.48701e-16","1/1","RNF5","RNF5"
"rs3134943","6","32147761","T","C","0.148903","0.0165878","0.00203402","3.48701e-16","1/1","AGPAT1","AGPAT1"
"rs3134954","6","32071893","C","T","0.150184","0.0164341","0.00202546","4.90847e-16","1/1","TNXB","TNXB"
"rs3135388","6","32413051","A","G","0.146577","0.014387","0.00204753","2.11793e-12","1/1","HLA-DRB1","HLA-DRB1"
"rs3135388","6","32413051","A","G","0.146577","0.014387","0.00204753","2.11793e-12","1/1","HLA-DRA","HLA-DRA"
"rs3135388","6","32413051","A","G","0.146577","0.014387","0.00204753","2.11793e-12","1/1","HLA-DQA1","HLA-DQA1,HLA-DRB1"
"rs314262","6","105394621","G","A","0.453304","0.00976595","0.00145643","2.00862e-11","1/0","HACE1","HACE1,LIN28B"
"rs314263","6","105392745","C","T","0.319898","0.0108746","0.00155604","2.77486e-12","1/1","LIN28B","LIN28B"
"rs314263","6","105392745","C","T","0.319898","0.0108746","0.00155604","2.77486e-12","1/1","LIN28B-AS1","LIN28B-AS1,LIN28B"
"rs314263","6","105392745","C","T","0.319898","0.0108746","0.00155604","2.77486e-12","1/1","HACE1","HACE1,LIN28B"
"rs314268","6","105417978","G","A","0.337278","0.00995934","0.00153773","9.37862e-11","1/1","LIN28B","LIN28B"
"rs314268","6","105417978","G","A","0.337278","0.00995934","0.00153773","9.37862e-11","1/1","BVES","BVES,LIN28B,POPDC3,HACE1"
"rs314276","6","105407999","A","C","0.335397","0.00994892","0.00153858","1.00417e-10","1/1","LIN28B","LIN28B"
"rs314277","6","105407662","A","C","0.142393","0.0088802","0.00208032","1.96649e-05","1/1","LIN28B","LIN28B"
"rs314280","6","105400837","A","G","0.453015","0.00974838","0.00145665","2.19654e-11","0/1","BVES","BVES,LIN28B,POPDC3,HACE1,E3ubiquitinproteinligase1"
"rs314280","6","105400837","A","G","0.453015","0.00974838","0.00145665","2.19654e-11","0/1","RP3-439I14.1","RP3-439I14.1"
"rs314280","6","105400837","A","G","0.453015","0.00974838","0.00145665","2.19654e-11","0/1","HACE1","HACE1,LIN28B"
"rs34114122","18","58039760","T","G","0.986543","0.00970434","0.00629011","0.122881","1/0","MC4R","MC4R"
"rs3736228","11","68201295","C","T","0.847375","0.0102122","0.00201472","4.00282e-07","0/1","LRP5","LRP5"
"rs3769956","2","162277301","G","A","0.933222","0.00902364","0.00293579","0.00211448","1/0","TBR1","TBR1"
"rs3776042","5","64558111","T","C","0.848726","0.00910081","0.00202402","6.91134e-06","1/0","ADAMTS6","ADAMTS6"
"rs3824999","11","74345550","T","G","0.498137","0.015254","0.00145137","7.76653e-26","1/1","POLD3","POLD3"
"rs3847788","12","94207729","G","A","0.0338524","0.00903093","0.00401155","0.0243708","1/0","CRADD","CRADD"
"rs3869109","6","31184196","A","G","0.459031","0.00932281","0.00145281","1.38895e-10","0/1","HCG27","HCG27,HLA-C"
"rs389883","6","31947460","G","T","0.323096","0.0136079","0.00154449","1.24441e-18","1/1","STK19","STK19"
"rs4078978","2","68359897","C","T","0.918576","0.0154803","0.00265329","5.39867e-09","0/1","WDR92","WDR92"
"rs437179","6","31929014","A","C","0.324524","0.0137086","0.00154355","6.61211e-19","1/1","SKIV2L","SKIV2L"
"rs4642516","6","32657543","G","T","0.525538","0.00948031","0.00145107","6.43223e-11","1/1","HLA-DR","HLA-DR,HLA-DQ"
"rs4751889","10","124132188","T","C","0.587651","0.00903933","0.00147399","8.64702e-10","1/1","BTBD16","BTBD16,PLEKHA1"
"rs4751890","10","124161791","T","C","0.590315","0.00867789","0.00147574","4.09367e-09","1/1","PLEKHA1","PLEKHA1"
"rs477515","6","32569691","G","A","0.654498","0.0100418","0.00152691","4.81441e-11","1/0","HLA-DQA1","HLA-DQA1"
"rs477515","6","32569691","G","A","0.654498","0.0100418","0.00152691","4.81441e-11","1/0","HLA-DRB1","HLA-DRB1,HLA-DQA1"
"rs477515","6","32569691","G","A","0.654498","0.0100418","0.00152691","4.81441e-11","1/0","HLA-DRB1","HLA-DRB1"
"rs477515","6","32569691","G","A","0.654498","0.0100418","0.00152691","4.81441e-11","1/0","HLA-DRA","HLA-DRA,BTNL2,HLA-DRB1,C6orf10"
"rs4788102","16","28873398","G","A","0.59979","0.00928102","0.00147933","3.52372e-10","1/0","SH2B1","SH2B1"
"rs4836732","9","119266695","C","T","0.471963","0.00932902","0.00146807","2.08967e-10","0/1","ASTN2","ASTN2"
"rs4846044","1","11839998","T","C","0.0402877","0.00930881","0.00369023","0.0116506","1/1","C1orf167","C1orf167,LOC100506310"
"rs4865199","4","58082554","C","T","0.948457","0.00872727","0.00330684","0.00831116","0/1","IGFBP7","IGFBP7,RPS26P24"
"rs4886782","15","74228810","G","A","0.646024","0.0117817","0.00152934","1.32072e-14","1/0","LOXL1","LOXL1"
"rs4894410","3","139043236","C","G","0.0514552","0.0101854","0.00327981","0.00189977","1/1","COPB2","COPB2"
"rs4911494","20","33971914","C","T","0.368859","0.0211502","0.00150214","5.04219e-45","0/1","UQCC1","UQCC1"
"rs4946651","6","105369510","A","G","0.453345","0.00968522","0.00145725","3.00693e-11","0/1","HACE1","HACE1,LIN28B"
"rs537160","6","31916400","A","G","0.363495","0.0126473","0.00150256","3.85674e-17","1/1","XXbac-BPG116M5.17","XXbac-BPG116M5.17,CFB"
"rs6060402","20","34005240","T","C","0.367719","0.0213892","0.00150693","9.99352e-46","1/0","intergenic","intergenic"
"rs606452","11","75276178","A","C","0.139393","0.0101279","0.00209212","1.29221e-06","1/1","SERPINH1","SERPINH1"
"rs6088813","20","33975181","C","A","0.368999","0.0212492","0.00150199","1.93888e-45","1/0","UQCC","UQCC"
"rs613872","18","53210302","G","T","0.173802","0.0126721","0.00191527","3.681e-11","1/1","TCF4","TCF4,MIR4529"
"rs613872","18","53210302","G","T","0.173802","0.0126721","0.00191527","3.681e-11","1/1","TCF4","TCF4"
"rs613872","18","53210302","G","T","0.173802","0.0126721","0.00191527","3.681e-11","1/1","Intergenic","Intergenic"
"rs6457374","6","31272261","C","T","0.301785","0.011786","0.0015783","8.17326e-14","0/1","WASF5P","WASF5P,HLA-B"
"rs6457374","6","31272261","C","T","0.301785","0.011786","0.0015783","8.17326e-14","0/1","HLA-C","HLA-C"
"rs6457617","6","32663851","C","T","0.521966","0.014082","0.00145049","2.77501e-22","0/1","HLA","HLA,DQB1"
"rs6457617","6","32663851","C","T","0.521966","0.014082","0.00145049","2.77501e-22","0/1","HLA-DQB1","HLA-DQB1,HLA-DQA2"
"rs6457617","6","32663851","C","T","0.521966","0.014082","0.00145049","2.77501e-22","0/1","HLA-DQA1","HLA-DQA1"
"rs6457617","6","32663851","C","T","0.521966","0.014082","0.00145049","2.77501e-22","0/1","HLA-DQA1","HLA-DQA1,HLA-DRB1"
"rs6457617","6","32663851","C","T","0.521966","0.014082","0.00145049","2.77501e-22","0/1","MHC","MHC"
"rs6457617","6","32663851","C","T","0.521966","0.014082","0.00145049","2.77501e-22","0/1","HLA-DQB1","HLA-DQB1"
"rs6457617","6","32663851","C","T","0.521966","0.014082","0.00145049","2.77501e-22","0/1","HLA-DQA2","HLA-DQA2,HLA-DQA1"
"rs6457617","6","32663851","C","T","0.521966","0.014082","0.00145049","2.77501e-22","0/1","HLA","HLA,DRB1,DQA1,DQB1"
"rs6457620","6","32663999","G","C","0.521907","0.0141031","0.0014506","2.42322e-22","1/0","HLA-DQB1","HLA-DQB1,HLA-DQA2"
"rs6457620","6","32663999","G","C","0.521907","0.0141031","0.0014506","2.42322e-22","1/0","HLA-DRB1","HLA-DRB1"
"rs6457620","6","32663999","G","C","0.521907","0.0141031","0.0014506","2.42322e-22","1/0","HLAlocus","HLAlocus"
"rs6545814","2","25131316","A","G","0.547744","0.0107341","0.00145501","1.61459e-13","0/1","ADCY3","ADCY3,DNAJC27"
"rs6545814","2","25131316","A","G","0.547744","0.0107341","0.00145501","1.61459e-13","0/1","ADCY3","ADCY3,RBJ"
"rs6565259","16","28898793","T","C","0.635221","0.00899957","0.00152325","3.46031e-09","1/0","ATP2A1","ATP2A1"
"rs6569648","6","130349119","C","T","0.240158","0.0153989","0.00169558","1.06801e-19","0/1","L3MBTL3","L3MBTL3"
"rs6752378","2","25150116","C","A","0.513041","0.00973371","0.00145368","2.14309e-11","1/0","ADCY3","ADCY3"
"rs6784615","3","52506426","C","T","0.0602434","0.0150075","0.00304509","8.28984e-07","1/1","NISCH","NISCH,STAB1"
"rs6830062","4","18017730","T","C","0.841771","0.0208148","0.00198407","9.50757e-26","1/0","LCORL","LCORL"
"rs6830062","4","18017730","T","C","0.841771","0.0208148","0.00198407","9.50757e-26","1/0","LC0RL","LC0RL"
"rs6830062","4","18017730","T","C","0.841771","0.0208148","0.00198407","9.50757e-26","1/0","LCORL","LCORL,NCAPG"
"rs6899976","6","130358428","G","A","0.302435","0.0155171","0.00157963","8.94528e-23","1/0","L3MBTL3","L3MBTL3,SAMD3"
"rs6928482","6","32626249","T","C","0.537572","0.00987329","0.00145336","1.09521e-11","1/1","HLA-DQB1","HLA-DQB1"
"rs6936204","6","32217092","T","C","0.369251","0.0115068","0.00149743","1.53748e-14","1/1","AK123889","AK123889"
"rs6936204","6","32217092","T","C","0.369251","0.0115068","0.00149743","1.53748e-14","1/1","NOTCH4","NOTCH4,C6orf10"
"rs697963","3","107078487","C","T","0.011718","0.0101689","0.00673247","0.130934","1/1","TRNAQ42P","TRNAQ42P,CCDC54"
"rs707939","6","31726688","C","A","0.675279","0.0126072","0.00154765","3.76125e-16","1/0","ABHD16A","ABHD16A,AIF1,APOM,BAG6,C2,C2-AS1,C4A,C4B,C4B_2,C6orf25,C6orf47,C6orf48,CFB,CLIC1,CSNK2B,CYP21A1P,CYP21A2,DDAH2,DXO,EHMT2,GPANK1,HSPA1A,HSPA1B,HSPA1L,LSM2,LY6G5B,LY6G5C,LY6G6C,LY6G6D,LY6G6E,LY6G6F,MIR1236,MIR4646,MIR6832,MSH5,MSH5-SAPCD1,NELFE,NEU1,PRRC2A,"
"rs7105056","11","112064431","T","C","0.0116245","0.014389","0.00675564","0.0331783","1/1","BCO2","BCO2"
"rs7124681","11","47529947","C","A","0.591232","0.00896069","0.00147194","1.14554e-09","1/0","CUGBP1","CUGBP1"
"rs7124681","11","47529947","C","A","0.591232","0.00896069","0.00147194","1.14554e-09","1/0","CELF1","CELF1"
"rs713587","2","25158281","C","T","0.510389","0.00944753","0.00144948","7.13153e-11","1/1","intergenic","intergenic"
"rs7192","6","32411646","T","G","0.397379","0.0118788","0.00147837","9.35249e-16","1/1","HLA-DRA","HLA-DRA"
"rs7194","6","32412480","G","A","0.397678","0.0119311","0.00147894","7.18495e-16","1/1","BTNL2","BTNL2"
"rs7194","6","32412480","G","A","0.397678","0.0119311","0.00147894","7.18495e-16","1/1","HLA-DRA","HLA-DRA"
"rs724577","4","17993410","A","C","0.261133","0.0140625","0.00164995","1.5548e-17","0/1","LCORL","LCORL"
"rs7335631","13","30957688","C","A","0.103462","0.0113253","0.00239185","2.19097e-06","1/1","KATNAL1","KATNAL1"
"rs7335631","13","30957688","C","A","0.103462","0.0113253","0.00239185","2.19097e-06","1/1","PRDX2P1","PRDX2P1,UBE2L5P"
"rs7382297","6","31247067","T","G","0.158452","0.0112639","0.00198468","1.38354e-08","1/0","HLA-C","HLA-C,RPL3P2"
"rs750332","6","31607050","C","T","0.181978","0.014269","0.001876","2.8251e-14","1/1","BAG6","BAG6"
"rs7525870","1","78269207","G","A","0.73695","0.00953628","0.00164824","7.2197e-09","1/1","FAM73A","FAM73A"
"rs760293","6","31611777","T","C","0.181942","0.0143295","0.00187574","2.18244e-14","1/1","BAT3","BAT3"
"rs7678436","4","17797966","G","A","0.843694","0.0192756","0.00199448","4.2671e-22","1/0","FAM184B","FAM184B,C4orf30"
"rs7678436","4","17797966","G","A","0.843694","0.0192756","0.00199448","4.2671e-22","1/0","LCORL","LCORL,NCAPG"
"rs7684221","4","17957354","G","A","0.842028","0.0209298","0.00198523","5.48532e-26","1/0","LCORL","LCORL"
"rs7759742","6","32381736","T","A","0.469982","0.00912348","0.00145752","3.85978e-10","1/0","BTNL2","BTNL2"
"rs7767167","6","32765182","G","A","0.143999","0.00983488","0.00206432","1.89582e-06","1/1","HLA-DQB2","HLA-DQB2,HLA-DOB"
"rs7949134","11","8273973","G","A","0.0760722","0.00880212","0.00276575","0.00145984","1/1","LMO1","LMO1"
"rs7968682","12","66371880","G","T","0.483458","0.0122632","0.00146428","5.52606e-17","0/1","HMGA2","HMGA2"
"rs7970350","12","66360164","C","T","0.507407","0.012001","0.00145097","1.32799e-16","0/1","HMGA2","HMGA2"
"rs797512","13","51226954","T","C","0.590368","0.00873523","0.00148926","4.4782e-09","1/0","RPL34P26","RPL34P26,DLEU7"
"rs7991818","13","51210380","C","T","0.775349","0.0145365","0.00175015","9.91142e-17","1/1","RPL34P26","RPL34P26,DLEU7"
"rs8038734","15","72811402","G","A","0.0308878","0.0107378","0.00418526","0.0102992","1/1","Intergenic","Intergenic"
"rs8049439","16","28837515","T","C","0.596123","0.00941948","0.00147736","1.8191e-10","1/0","ATXN2L","ATXN2L"
"rs8049439","16","28837515","T","C","0.596123","0.00941948","0.00147736","1.8191e-10","1/0","CCDC101","CCDC101,CLN3,SULT1A1,SULT1A2,NUPR1,IL27,EIF3C"
"rs8049439","16","28837515","T","C","0.596123","0.00941948","0.00147736","1.8191e-10","1/0","ATXN2L","ATXN2L,TUFM,SH2B1,EIF3CL,NFATC2IP,NUPR1,SPNS1,LAT,SULT1A1,SULT1A2,CCDC101"
"rs8066520","17","27376591","G","A","0.847811","0.0123613","0.00202693","1.0705e-09","1/0","PIPOX","PIPOX"
"rs823114","1","205719532","G","A","0.45276","0.0111103","0.00145685","2.41635e-14","1/0","NUCKS1","NUCKS1"
"rs823114","1","205719532","G","A","0.45276","0.0111103","0.00145685","2.41635e-14","1/0","intergenic","intergenic"
"rs823114","1","205719532","G","A","0.45276","0.0111103","0.00145685","2.41635e-14","1/0","PARK16","PARK16"
"rs8756","12","66359752","C","A","0.484056","0.0120799","0.00145294","9.24544e-17","1/0","HMGA2","HMGA2"
"rs893817","15","74229065","G","A","0.362727","0.0105204","0.00150591","2.82703e-12","1/1","LOXL1","LOXL1"
"rs910049","6","32315727","T","C","0.250542","0.0143351","0.00167143","9.77563e-18","1/0","C6orf10","C6orf10"
"rs926070","6","32257566","G","A","0.33921","0.00907902","0.00152932","2.90896e-09","1/0","NOTCH4","NOTCH4,C6orf10"
"rs926070","6","32257566","G","A","0.33921","0.00907902","0.00152932","2.90896e-09","1/0","HLA","HLA"
"rs9267649","6","31824828","A","G","0.189417","0.0112211","0.0018476","1.25292e-09","1/1","SNORD52","SNORD52,NEU1"
"rs9267658","6","31845985","T","C","0.1468","0.0158376","0.00204474","9.51846e-15","1/1","SLC44A4","SLC44A4"
"rs9268528","6","32383108","A","G","0.642261","0.0134321","0.00150884","5.46915e-19","0/1","HLA-DQB1","HLA-DQB1,HLA-DRB1"
"rs9268528","6","32383108","A","G","0.642261","0.0134321","0.00150884","5.46915e-19","0/1","BTNL2","BTNL2,HLA-DRA"
"rs9268542","6","32384721","A","G","0.638492","0.0132084","0.00150477","1.66893e-18","0/1","BTNL2","BTNL2,HLA-DRA"
"rs9268542","6","32384721","A","G","0.638492","0.0132084","0.00150477","1.66893e-18","0/1","HLA-DQB1","HLA-DQB1,HLA-DRB1"
"rs9268615","6","32402889","G","A","0.636842","0.0130745","0.0015037","3.47106e-18","1/0","BTNL2","BTNL2,HLA-DRA"
"rs9268645","6","32408527","C","G","0.640743","0.0129874","0.00150681","6.74701e-18","0/1","MHC","MHC"
"rs9268645","6","32408527","C","G","0.640743","0.0129874","0.00150681","6.74701e-18","0/1","HLA-DRA","HLA-DRA"
"rs9268831","6","32427748","C","T","0.522371","0.0087673","0.00144813","1.41101e-09","1/1","HLA-DRB9","HLA-DRB9"
"rs9268831","6","32427748","C","T","0.522371","0.0087673","0.00144813","1.41101e-09","1/1","HLA-DRAB5","HLA-DRAB5"
"rs9268832","6","32427789","T","C","0.397633","0.0112177","0.00147852","3.27066e-14","1/1","HLA-DRB9","HLA-DRB9"
"rs9268858","6","32429758","T","C","0.642737","0.0103784","0.00151368","7.06119e-12","1/0","HLA-DRB9","HLA-DRB9,HLA-DRB5"
"rs9270986","6","32574060","A","C","0.157246","0.0137045","0.00198966","5.66415e-12","1/1","HLA-DRB1","HLA-DRB1,HLA-DQA1"
"rs9271366","6","32586854","G","A","0.150025","0.0143779","0.00202798","1.34353e-12","1/1","HLA-DRB1","HLA-DRB1"
"rs9271366","6","32586854","G","A","0.150025","0.0143779","0.00202798","1.34353e-12","1/1","HLA-DRA","HLA-DRA,HLA-DRB5,BTNL2,HLA-DRB1,HLA-DQA1"
"rs9271366","6","32586854","G","A","0.150025","0.0143779","0.00202798","1.34353e-12","1/1","HLA-DRB1","HLA-DRB1,HLA-DQA1"
"rs9271366","6","32586854","G","A","0.150025","0.0143779","0.00202798","1.34353e-12","1/1","HLA-DQA1","HLA-DQA1"
"rs9271366","6","32586854","G","A","0.150025","0.0143779","0.00202798","1.34353e-12","1/1","DQA1","DQA1"
"rs9271366","6","32586854","G","A","0.150025","0.0143779","0.00202798","1.34353e-12","1/1","MHC","MHC,HLA-DRB1"
"rs9275224","6","32659878","A","G","0.517034","0.0139582","0.00144915","5.85796e-22","0/1","HLA-DQB1","HLA-DQB1,HLA-DQA2"
"rs9275224","6","32659878","A","G","0.517034","0.0139582","0.00144915","5.85796e-22","0/1","HLA-DQB1","HLA-DQB1,HLA-DQA1,HLA-DRB1"
"rs9275563","6","32677912","C","T","0.548815","0.00974927","0.00145668","2.18922e-11","1/1","HLA-DQA2","HLA-DQA2"
"rs9275572","6","32678999","A","G","0.424399","0.0116719","0.00146534","1.64789e-15","1/1","HLA-DQB1","HLA-DQB1,HLA-DQA2"
"rs9275572","6","32678999","A","G","0.424399","0.0116719","0.00146534","1.64789e-15","1/1","HLA-DQB1","HLA-DQB1,HLA-DQA1"
"rs9275572","6","32678999","A","G","0.424399","0.0116719","0.00146534","1.64789e-15","1/1","HLA-DQA2","HLA-DQA2"
"rs9275572","6","32678999","A","G","0.424399","0.0116719","0.00146534","1.64789e-15","1/1","HLA-DQ","HLA-DQ,HLA-DR"
"rs9275596","6","32681631","C","T","0.382324","0.0118757","0.00149022","1.59875e-15","1/1","HLA-DRB1","HLA-DRB1,HLA-DQA1,HLA-DQB1,HLA-DQA2"
"rs9275596","6","32681631","C","T","0.382324","0.0118757","0.00149022","1.59875e-15","1/1","HLA-DQB1","HLA-DQB1,HLA-DRB1,HLA-DQA1"
"rs9275596","6","32681631","C","T","0.382324","0.0118757","0.00149022","1.59875e-15","1/1","HLA-DQB1","HLA-DQB1,HLA-DQA1,HLA-DRB1"
"rs9275596","6","32681631","C","T","0.382324","0.0118757","0.00149022","1.59875e-15","1/1","HLA-DQB1","HLA-DQB1,HLA-DQA2"
"rs9357152","6","32664960","A","G","0.763963","0.0101242","0.00170427","2.84238e-09","0/1","c6orf10","c6orf10,HLA-DQB1,BTNL2"
"rs9357152","6","32664960","A","G","0.763963","0.0101242","0.00170427","2.84238e-09","0/1","HLA-DQB1","HLA-DQB1"
"rs9357152","6","32664960","A","G","0.763963","0.0101242","0.00170427","2.84238e-09","0/1","HLA-DQB1","HLA-DQB1,HLA-DQA2"
"rs9388766","6","130354855","T","C","0.301778","0.0154879","0.00158146","1.20154e-22","1/0","L3MBTL3","L3MBTL3"
"rs944289","14","36649246","C","T","0.411592","0.00891048","0.00147179","1.41122e-09","0/1","NKX2-1","NKX2-1"
"rs9482716","6","126245644","C","A","0.869454","0.00941963","0.00215113","1.19272e-05","1/0","NCOA7","NCOA7"
"rs978332","13","51136739","C","T","0.277758","0.0100624","0.00161862","5.07966e-10","1/1","DLEU1","DLEU1"
"rs9791366","6","126236806","A","G","0.869254","0.00929089","0.00214983","1.54834e-05","0/1","NCOA7","NCOA7"
"rs9886448","8","26369707","T","C","0.884383","0.00911018","0.00226972","5.97499e-05","1/0","PNMA2","PNMA2"
"rs9986786","7","39237586","T","C","0.106734","0.00929078","0.00235484","7.96696e-05","1/1","POU6F2","POU6F2"
